200,\N,"2021-11-18 00:28:08",\N,240,1
201,\N,"2021-11-18 00:31:01",\N,241,1
202,\N,"2021-11-18 00:34:27",\N,242,1
203,"{\"level\":\"전문가\",\"resource\":\"맛, 향\",\"problem\":\"커피 등 대체재에 비해 다양성 부족\",\"path\":\"기타\",\"information\":\"자신의 티 취향 알아보기\"}","2021-11-18 00:35:18","2021-11-18 00:35:41",243,1
204,"{\"level\":\"전문가\",\"resource\":-1,\"problem\":-1,\"path\":-1,\"information\":-1}","2021-11-18 01:12:14","2021-11-18 01:12:19",244,1
205,"{\"level\":\"전문가\",\"resource\":\"기타: 으아아 기타 1번\",\"problem\":\"기타: 기타 2번\",\"path\":\"커뮤니티(다음카페, 밴드 등)\",\"information\":\"티와 함께 즐기기 좋은 디저트\"}","2021-11-18 01:14:07","2021-11-18 01:14:33",245,1
206,"{\"level\":\"초보\",\"resource\":\"맛, 향\",\"problem\":\"기타: 입맛에 맞는 티를 찾기까지의 도전이 필요한 점\",\"path\":\"주변의 추천\",\"information\":\"자신의 티 취향 알아보기\"}","2021-11-18 01:37:20","2021-11-18 01:38:36",246,1
207,"{\"level\":\"초보\",\"resource\":\"기타: 디저트랑 잘 어울리는지\",\"problem\":\"기타: 맛이 어렵다\",\"path\":\"기타: 직접 경험\",\"information\":\"기타: 티 칵테일 만드는 방법\"}","2021-11-18 01:37:46","2021-11-18 01:38:45",247,1
208,"{\"level\":\"보통\",\"resource\":\"효능\",\"problem\":\"기타\",\"path\":\"기타\",\"information\":\"기타\"}","2021-11-18 01:53:11","2021-11-18 01:53:49",250,1
209,"{\"level\":\"보통\",\"resource\":\"맛, 향\",\"problem\":\"티 문화 자체에 대한 진입장벽\",\"path\":\"건강에 대한 관심\",\"information\":\"티와 함께 즐기기 좋은 디저트\"}","2021-11-18 01:57:10","2021-11-18 01:57:19",251,1
210,"{\"level\":\"보통\",\"resource\":\"효능\",\"problem\":\"가격적인 메리트 부족\",\"path\":\"미디어 (유튜브, SNS 등)\",\"information\":\"자신의 티 취향 알아보기\"}","2021-11-18 01:57:28","2021-11-18 01:57:34",252,1
211,"{\"level\":\"전문가\",\"resource\":-1,\"problem\":-1,\"path\":-1,\"information\":-1}","2021-11-18 01:59:00","2021-11-18 01:59:02",253,1
212,"{\"level\":\"보통\",\"resource\":\"맛, 향\",\"problem\":\"구매 경로의 문제\",\"path\":\"건강에 대한 관심\",\"information\":\"다양한 티에 대한 정보\"}","2021-11-18 02:00:43","2021-11-18 02:00:55",254,1
213,\N,"2021-11-18 02:06:32",\N,255,1
214,\N,"2021-11-18 02:07:55",\N,257,1
215,"{\"level\":\"초보\",\"resource\":\"맛, 향\",\"problem\":\"커피 등 대체재에 비해 다양성 부족\",\"path\":\"오프라인 스토어\",\"information\":\"티를 맛있게 즐기는 방법\"}","2021-11-18 02:08:06","2021-11-18 02:08:48",257,1
216,"{\"level\":\"초보\",\"resource\":\"맛, 향\",\"problem\":\"커피 등 대체재에 비해 다양성 부족\",\"path\":\"오프라인 스토어\",\"information\":\"티와 함께 즐기기 좋은 디저트\"}","2021-11-18 03:03:36","2021-11-18 03:03:56",258,1
217,"{\"level\":\"보통\",\"resource\":\"효능\",\"problem\":\"커피 등 대체재에 비해 다양성 부족\",\"path\":\"미디어 (유튜브, SNS 등)\",\"information\":\"자신의 티 취향 알아보기\"}","2021-11-18 03:14:32","2021-11-18 03:14:41",266,1
218,"{\"level\":\"초보\",\"resource\":\"맛, 향\",\"problem\":\"커피 등 대체재에 비해 다양성 부족\",\"path\":\"건강에 대한 관심\",\"information\":\"티와 함께 즐기기 좋은 디저트\"}","2021-11-18 15:29:43","2021-11-18 15:29:59",279,1
219,"{\"level\":\"보통\",\"resource\":\"맛, 향\",\"problem\":\"구매 경로의 문제\",\"path\":\"미디어 (유튜브, SNS 등)\",\"information\":\"티와 함께 즐기기 좋은 디저트\"}","2021-11-18 15:46:29","2021-11-18 15:46:45",282,1
220,"{\"level\":\"초보\",\"resource\":\"맛, 향\",\"problem\":\"가격적인 메리트 부족\",\"path\":\"건강에 대한 관심\",\"information\":\"티를 맛있게 즐기는 방법\"}","2021-11-18 23:03:34","2021-11-18 23:03:53",289,1
221,"{\"level\":\"초보\",\"resource\":\"효능\",\"problem\":\"커피 등 대체재에 비해 다양성 부족\",\"path\":\"건강에 대한 관심\",\"information\":\"자신의 티 취향 알아보기\"}","2021-11-19 08:09:25","2021-11-19 08:09:53",298,1
222,"{\"level\":\"초보\",\"resource\":\"맛, 향\",\"problem\":\"커피 등 대체재에 비해 다양성 부족\",\"path\":\"미디어 (유튜브, SNS 등)\",\"information\":\"자신의 티 취향 알아보기\"}","2021-11-19 10:25:59","2021-11-19 10:26:30",303,1
223,"{\"level\":\"초보\",\"resource\":\"맛, 향\",\"problem\":\"기타\",\"path\":\"미디어 (유튜브, SNS 등)\",\"information\":\"자신의 티 취향 알아보기\"}","2021-11-19 11:12:47","2021-11-19 11:13:07",305,1
224,"{\"level\":\"초보\",\"resource\":\"맛, 향\",\"problem\":\"커피 등 대체재에 비해 다양성 부족\",\"path\":\"건강에 대한 관심\",\"information\":\"티와 함께 즐기기 좋은 디저트\"}","2021-11-19 14:08:24","2021-11-19 14:09:00",311,1
225,"{\"level\":\"초보\",\"resource\":\"맛, 향\",\"problem\":\"커피 등 대체재에 비해 다양성 부족\",\"path\":\"건강에 대한 관심\",\"information\":\"다양한 티에 대한 정보\"}","2021-11-19 15:01:02","2021-11-19 15:02:02",314,1
226,"{\"level\":\"초보\",\"resource\":\"맛, 향\",\"problem\":\"구매 경로의 문제\",\"path\":\"건강에 대한 관심\",\"information\":\"자신의 티 취향 알아보기\"}","2021-11-19 15:01:12","2021-11-19 15:01:40",315,1
227,"{\"level\":\"보통\",\"resource\":\"효능\",\"problem\":\"구매 경로의 문제\",\"path\":\"미디어 (유튜브, SNS 등)\",\"information\":\"다양한 티에 대한 정보\"}","2021-11-19 15:15:30","2021-11-19 15:15:54",316,1
228,"{\"level\":\"초보\",\"resource\":\"맛, 향\",\"problem\":\"가격적인 메리트 부족\",\"path\":\"기타\",\"information\":\"자신의 티 취향 알아보기\"}","2021-11-19 15:59:47","2021-11-19 16:00:26",320,1
229,"{\"level\":\"초보\",\"resource\":\"맛, 향\",\"problem\":\"티 문화 자체에 대한 진입장벽\",\"path\":\"기타\",\"information\":\"자신의 티 취향 알아보기\"}","2021-11-19 18:11:11","2021-11-19 18:11:42",322,1
230,"{\"level\":\"초보\",\"resource\":\"맛, 향\",\"problem\":\"가격적인 메리트 부족\",\"path\":\"기타\",\"information\":\"티와 함께 즐기기 좋은 디저트\"}","2021-11-19 21:41:14","2021-11-19 21:41:54",324,1
231,"{\"level\":\"초보\",\"resource\":\"효능\",\"problem\":\"티 문화 자체에 대한 진입장벽\",\"path\":\"미디어 (유튜브, SNS 등)\",\"information\":\"자신의 티 취향 알아보기\"}","2021-11-19 21:41:18","2021-11-19 21:41:41",323,1
232,\N,"2021-11-19 22:31:13",\N,332,1
233,"{\"level\":\"초보\",\"resource\":\"맛, 향\",\"problem\":\"기타: 커피가 더 맛있어서\",\"path\":\"건강에 대한 관심\",\"information\":\"자신의 티 취향 알아보기\"}","2021-11-19 23:40:08","2021-11-19 23:40:45",334,1
234,"{\"level\":\"초보\",\"resource\":\"맛, 향\",\"problem\":\"커피 등 대체재에 비해 다양성 부족\",\"path\":\"기타: 최민정이 추천해줘서 ♥ \",\"information\":\"자신의 티 취향 알아보기\"}","2021-11-20 00:18:25","2021-11-20 00:19:36",337,1
235,"{\"level\":\"초보\",\"resource\":\"맛, 향\",\"problem\":\"커피 등 대체재에 비해 다양성 부족\",\"path\":\"기타\",\"information\":\"자신의 티 취향 알아보기\"}","2021-11-20 00:18:32","2021-11-20 00:19:39",336,1
236,"{\"level\":\"초보\",\"resource\":\"맛, 향\",\"problem\":\"티 문화 자체에 대한 진입장벽\",\"path\":\"미디어 (유튜브, SNS 등)\",\"information\":\"티를 맛있게 즐기는 방법\"}","2021-11-20 04:43:27","2021-11-20 04:44:10",341,1
237,"{\"level\":\"초보\",\"resource\":\"맛, 향\",\"problem\":\"커피 등 대체재에 비해 다양성 부족\",\"path\":\"미디어 (유튜브, SNS 등)\",\"information\":\"자신의 티 취향 알아보기\"}","2021-11-20 10:55:24","2021-11-20 10:55:49",343,1
238,"{\"level\":\"초보\",\"resource\":\"맛, 향\",\"problem\":\"커피 등 대체재에 비해 다양성 부족\",\"path\":\"미디어 (유튜브, SNS 등)\",\"information\":\"티를 맛있게 즐기는 방법\"}","2021-11-20 12:19:03","2021-11-20 12:19:44",344,1
239,"{\"level\":\"초보\",\"resource\":\"맛, 향\",\"problem\":\"가격적인 메리트 부족\",\"path\":\"미디어 (유튜브, SNS 등)\",\"information\":\"자신의 티 취향 알아보기\"}","2021-11-20 13:59:01","2021-11-20 13:59:25",345,1
240,\N,"2021-11-20 18:15:32",\N,351,1
241,"{\"level\":\"초보\",\"resource\":\"맛, 향\",\"problem\":\"티 문화 자체에 대한 진입장벽\",\"path\":\"주변의 추천\",\"information\":\"다양한 티에 대한 정보\"}","2021-11-20 20:03:54","2021-11-20 20:04:32",355,1
242,"{\"level\":\"초보\",\"resource\":\"맛, 향\",\"problem\":\"가격적인 메리트 부족\",\"path\":\"기타\",\"information\":\"자신의 티 취향 알아보기\"}","2021-11-20 20:05:02","2021-11-20 20:05:53",356,1
243,\N,"2021-11-20 20:05:37",\N,358,1
244,"{\"level\":\"보통\",\"resource\":\"효능\",\"problem\":\"가격적인 메리트 부족\",\"path\":\"커뮤니티(다음카페, 밴드 등)\",\"information\":\"티와 함께 즐기기 좋은 디저트\"}","2021-11-20 20:07:29","2021-11-20 20:07:37",360,1
245,"{\"level\":\"초보\",\"resource\":\"맛, 향\",\"problem\":\"티 문화 자체에 대한 진입장벽\",\"path\":\"미디어 (유튜브, SNS 등)\",\"information\":\"다양한 티에 대한 정보\"}","2021-11-20 20:07:38","2021-11-20 20:08:00",359,1
246,"{\"level\":\"보통\",\"resource\":\"효능\",\"problem\":\"가격적인 메리트 부족\",\"path\":\"미디어 (유튜브, SNS 등)\",\"information\":\"티와 함께 즐기기 좋은 디저트\"}","2021-11-20 21:19:39","2021-11-20 21:19:48",361,1
247,"{\"level\":\"초보\",\"resource\":\"맛, 향\",\"problem\":\"기타\",\"path\":\"기타\",\"information\":\"기타\"}","2021-11-20 21:26:30","2021-11-20 21:26:41",363,1
248,"{\"level\":\"보통\",\"resource\":\"효능\",\"problem\":\"구매 경로의 문제\",\"path\":\"주변의 추천\",\"information\":\"자신의 티 취향 알아보기\"}","2021-11-21 01:20:34","2021-11-21 01:21:09",365,1
249,"{\"level\":\"보통\",\"resource\":\"맛, 향\",\"problem\":[\"기\",\"타\"],\"path\":\"건강에 대한 관심\",\"information\":\"다양한 티에 대한 정보\"}","2021-11-21 01:28:17","2021-11-21 01:29:27",369,1
250,"{\"level\":\"초보\",\"resource\":\"맛, 향\",\"problem\":\"티 문화 자체에 대한 진입장벽\",\"path\":\"미디어 (유튜브, SNS 등)\",\"information\":\"티를 맛있게 즐기는 방법\"}","2021-11-21 18:27:07","2021-11-21 18:27:27",379,1
251,"{\"level\":\"전문가\",\"resource\":\"효능\",\"problem\":\"가격적인 메리트 부족\",\"path\":\"주변의 추천\",\"information\":\"다양한 티에 대한 정보\"}","2021-11-22 00:58:43","2021-11-22 00:59:15",426,1
252,"{\"level\":\"초보\",\"resource\":\"맛, 향\",\"problem\":\"구매 경로의 문제\",\"path\":\"주변의 추천\",\"information\":\"자신의 티 취향 알아보기\"}","2021-11-22 01:21:20","2021-11-22 01:21:34",428,1
253,"{\"level\":\"보통\",\"resource\":\"효능\",\"problem\":\"구매 경로의 문제\",\"path\":\"주변의 추천\",\"information\":\"다양한 티에 대한 정보\"}","2021-11-22 01:34:41","2021-11-22 01:34:56",430,1
254,"{\"level\":\"전문가\",\"resource\":\"맛, 향\",\"problem\":\"기타\",\"path\":\"오프라인 스토어\",\"information\":\"다양한 티에 대한 정보\"}","2021-11-22 14:07:46","2021-11-22 14:08:51",434,1
255,"{\"level\":\"초보\",\"resource\":\"디자인\",\"problem\":\"구매 경로의 문제\",\"path\":\"주변의 추천\",\"information\":\"기타: 다양한 티 소개, 자신의 티 취향 알아보기 \"}","2021-11-22 15:33:10","2021-11-22 15:35:55",435,1
256,"{\"level\":\"초보\",\"resource\":\"맛, 향\",\"problem\":\"티 문화 자체에 대한 진입장벽\",\"path\":\"주변의 추천\",\"information\":\"티를 맛있게 즐기는 방법\"}","2021-11-22 15:51:37","2021-11-22 15:52:17",437,1
257,"{\"level\":\"초보\",\"resource\":\"맛, 향\",\"problem\":\"티 문화 자체에 대한 진입장벽\",\"path\":\"기타: 카페인에 민감해서 커피를대신하는것을 찾다보니\",\"information\":\"티와 함께 즐기기 좋은 디저트\"}","2021-11-22 16:59:56","2021-11-22 17:01:11",440,1
258,"{\"level\":\"초보\",\"resource\":\"맛, 향\",\"problem\":\"커피 등 대체재에 비해 다양성 부족\",\"path\":\"건강에 대한 관심\",\"information\":\"자신의 티 취향 알아보기\"}","2021-11-22 17:46:39","2021-11-22 17:50:42",446,1
259,"{\"level\":\"초보\",\"resource\":\"맛, 향\",\"problem\":\"커피 등 대체재에 비해 다양성 부족\",\"path\":\"건강에 대한 관심\",\"information\":\"티와 함께 즐기기 좋은 디저트\"}","2021-11-22 18:05:58","2021-11-22 18:07:20",450,1
260,"{\"level\":\"초보\",\"resource\":\"맛, 향\",\"problem\":\"커피 등 대체재에 비해 다양성 부족\",\"path\":\"건강에 대한 관심\",\"information\":\"티와 함께 즐기기 좋은 디저트\"}","2021-11-22 18:12:43","2021-11-22 18:13:09",450,1
261,"{\"level\":\"초보\",\"resource\":\"맛, 향\",\"problem\":\"구매 경로의 문제\",\"path\":\"주변의 추천\",\"information\":\"티를 맛있게 즐기는 방법\"}","2021-11-22 18:32:26","2021-11-22 18:32:55",452,1
262,"{\"level\":\"초보\",\"resource\":\"맛, 향\",\"problem\":\"커피 등 대체재에 비해 다양성 부족\",\"path\":\"건강에 대한 관심\",\"information\":\"티와 함께 즐기기 좋은 디저트\"}","2021-11-22 18:36:21","2021-11-22 18:36:44",454,1
263,"{\"level\":\"초보\",\"resource\":\"맛, 향\",\"problem\":[\"티\",\" \",\"문\",\"화\",\" \",\"자\",\"체\",\"에\",\" \",\"대\",\"한\",\" \",\"진\",\"입\",\"장\",\"벽\"],\"path\":\"주변의 추천\",\"information\":\"티를 맛있게 즐기는 방법\"}","2021-11-22 18:37:30","2021-11-22 18:37:48",455,1
264,"{\"level\":\"초보\",\"resource\":\"효능\",\"problem\":\"티 문화 자체에 대한 진입장벽\",\"path\":\"주변의 추천\",\"information\":\"티를 맛있게 즐기는 방법\"}","2021-11-22 19:23:02","2021-11-22 19:23:24",457,1
265,"{\"level\":\"초보\",\"resource\":\"맛, 향\",\"problem\":\"커피 등 대체재에 비해 다양성 부족\",\"path\":\"건강에 대한 관심\",\"information\":\"티와 함께 즐기기 좋은 디저트\"}","2021-11-22 20:25:04","2021-11-22 20:25:18",459,1
266,"{\"level\":\"초보\",\"resource\":\"맛, 향\",\"problem\":\"커피 등 대체재에 비해 다양성 부족\",\"path\":\"건강에 대한 관심\",\"information\":\"티와 함께 즐기기 좋은 디저트\"}","2021-11-22 20:26:08","2021-11-22 20:26:31",459,1
267,"{\"level\":\"초보\",\"resource\":\"맛, 향\",\"problem\":\"기타: 티문화, 커피에 비해 부족\",\"path\":\"기타: 추천+관심\",\"information\":\"자신의 티 취향 알아보기\"}","2021-11-22 21:16:43","2021-11-22 21:20:33",469,1
268,"{\"level\":\"초보\",\"resource\":\"맛, 향\",\"problem\":\"커피 등 대체재에 비해 다양성 부족\",\"path\":\"건강에 대한 관심\",\"information\":\"다양한 티에 대한 정보\"}","2021-11-23 00:42:25","2021-11-23 00:42:39",473,1
269,"{\"level\":\"초보\",\"resource\":\"맛, 향\",\"problem\":\"구매 경로의 문제\",\"path\":\"건강에 대한 관심\",\"information\":[\"티\",\"를\",\" \",\"맛\",\"있\",\"게\",\" \",\"즐\",\"기\",\"는\",\" \",\"방\",\"법\"]}","2021-11-23 10:25:42","2021-11-23 10:27:27",474,1
270,"{\"level\":\"초보\",\"resource\":\"맛, 향\",\"problem\":\"가격적인 메리트 부족\",\"path\":\"오프라인 스토어\",\"information\":\"티와 함께 즐기기 좋은 디저트\"}","2021-11-23 12:28:36","2021-11-23 12:29:14",478,1
271,"{\"level\":\"보통\",\"resource\":\"맛, 향\",\"problem\":\"가격적인 메리트 부족\",\"path\":\"주변의 추천\",\"information\":\"다양한 티에 대한 정보\"}","2021-11-23 13:40:32","2021-11-23 13:41:08",481,1
272,\N,"2021-11-23 13:43:19",\N,483,1
273,"{\"level\":\"보통\",\"resource\":\"맛, 향\",\"problem\":\"가격적인 메리트 부족\",\"path\":\"주변의 추천\",\"information\":\"다양한 티에 대한 정보\"}","2021-11-23 17:19:32","2021-11-23 17:19:49",486,1
274,"{\"level\":\"초보\",\"resource\":\"맛, 향\",\"problem\":\"티 문화 자체에 대한 진입장벽\",\"path\":\"주변의 추천\",\"information\":\"티를 맛있게 즐기는 방법\"}","2021-11-23 19:04:11","2021-11-23 19:04:40",504,1
275,"{\"level\":\"초보\",\"resource\":\"효능\",\"problem\":\"구매 경로의 문제\",\"path\":\"주변의 추천\",\"information\":\"다양한 티에 대한 정보\"}","2021-11-23 19:14:25","2021-11-23 19:14:43",507,1
276,"{\"level\":\"보통\",\"resource\":\"맛, 향\",\"problem\":\"구매 경로의 문제\",\"path\":\"커뮤니티(다음카페, 밴드 등)\",\"information\":\"다양한 티에 대한 정보\"}","2021-11-24 10:33:17","2021-11-24 10:33:55",522,1
277,"{\"level\":\"초보\",\"resource\":\"효능\",\"problem\":\"구매 경로의 문제\",\"path\":\"주변의 추천\",\"information\":\"다양한 티에 대한 정보\"}","2021-11-24 10:57:50","2021-11-24 10:58:05",523,1
278,"{\"level\":\"보통\",\"resource\":\"맛, 향\",\"problem\":\"티 문화 자체에 대한 진입장벽\",\"path\":\"주변의 추천\",\"information\":\"자신의 티 취향 알아보기\"}","2021-11-24 12:38:14","2021-11-24 12:38:43",527,1
279,\N,"2021-11-24 12:43:41",\N,528,1
280,"{\"level\":\"초보\",\"resource\":\"효능\",\"problem\":\"가격적인 메리트 부족\",\"path\":\"미디어 (유튜브, SNS 등)\",\"information\":\"자신의 티 취향 알아보기\"}","2021-11-24 13:26:31","2021-11-24 13:26:57",531,1
281,"{\"level\":\"초보\",\"resource\":\"효능\",\"problem\":\"구매 경로의 문제\",\"path\":\"건강에 대한 관심\",\"information\":\"다양한 티에 대한 정보\"}","2021-11-24 13:29:40","2021-11-24 13:30:13",532,1
282,"{\"level\":\"초보\",\"resource\":\"맛, 향\",\"problem\":\"티 문화 자체에 대한 진입장벽\",\"path\":\"건강에 대한 관심\",\"information\":\"다양한 티에 대한 정보\"}","2021-11-24 13:35:51","2021-11-24 13:36:22",534,1
283,"{\"level\":\"초보\",\"resource\":\"효능\",\"problem\":\"가격적인 메리트 부족\",\"path\":\"주변의 추천\",\"information\":\"자신의 티 취향 알아보기\"}","2021-11-24 13:37:18","2021-11-24 13:38:06",533,1
284,\N,"2021-11-24 13:38:27",\N,533,1
285,"{\"level\":\"전문가\",\"resource\":\"효능\",\"problem\":\"구매 경로의 문제\",\"path\":\"주변의 추천\",\"information\":\"티와 함께 즐기기 좋은 디저트\"}","2021-11-24 13:40:01","2021-11-24 13:40:12",533,1
286,"{\"level\":\"보통\",\"resource\":\"맛, 향\",\"problem\":\"구매 경로의 문제\",\"path\":\"커뮤니티(다음카페, 밴드 등)\",\"information\":\"다양한 티에 대한 정보\"}","2021-11-24 13:42:43","2021-11-24 13:43:28",540,1
287,"{\"level\":\"초보\",\"resource\":\"효능\",\"problem\":\"티 문화 자체에 대한 진입장벽\",\"path\":\"주변의 추천\",\"information\":\"기타\"}","2021-11-24 13:47:24","2021-11-24 13:47:51",542,1
288,"{\"level\":\"초보\",\"resource\":\"맛, 향\",\"problem\":\"구매 경로의 문제\",\"path\":\"주변의 추천\",\"information\":\"다양한 티에 대한 정보\"}","2021-11-24 14:00:57","2021-11-24 14:01:26",544,1
289,"{\"level\":\"초보\",\"resource\":\"디자인\",\"problem\":\"구매 경로의 문제\",\"path\":\"주변의 추천\",\"information\":\"자신의 티 취향 알아보기\"}","2021-11-24 15:05:55","2021-11-24 15:06:57",547,1
290,"{\"level\":\"초보\",\"resource\":\"효능\",\"problem\":\"커피 등 대체재에 비해 다양성 부족\",\"path\":\"건강에 대한 관심\",\"information\":\"다양한 티에 대한 정보\"}","2021-11-24 15:18:23","2021-11-24 15:19:50",556,1
291,\N,"2021-11-24 15:21:00",\N,557,1
292,\N,"2021-11-24 15:21:09",\N,557,1
293,"{\"level\":\"보통\",\"resource\":\"맛, 향\",\"problem\":\"가격적인 메리트 부족\",\"path\":\"오프라인 스토어\",\"information\":\"티와 함께 즐기기 좋은 디저트\"}","2021-11-24 15:30:49","2021-11-24 15:31:13",560,1
294,\N,"2021-11-24 15:33:26",\N,561,1
295,"{\"level\":\"보통\",\"resource\":\"맛, 향\",\"problem\":\"커피 등 대체재에 비해 다양성 부족\",\"path\":\"오프라인 스토어\",\"information\":\"다양한 티에 대한 정보\"}","2021-11-24 15:33:29","2021-11-24 15:33:47",561,1
296,"{\"level\":\"초보\",\"resource\":\"효능\",\"problem\":\"티 문화 자체에 대한 진입장벽\",\"path\":\"주변의 추천\",\"information\":\"다양한 티에 대한 정보\"}","2021-11-24 15:35:08","2021-11-24 15:36:16",552,1
297,"{\"level\":\"보통\",\"resource\":\"맛, 향\",\"problem\":\"커피 등 대체재에 비해 다양성 부족\",\"path\":\"기타\",\"information\":\"다양한 티에 대한 정보\"}","2021-11-24 15:38:28","2021-11-24 15:39:23",562,1
298,"{\"level\":\"초보\",\"resource\":\"맛, 향\",\"problem\":-1,\"path\":-1,\"information\":-1}","2021-11-24 17:02:27","2021-11-24 17:02:47",564,1
299,"{\"level\":\"초보\",\"resource\":\"맛, 향\",\"problem\":\"커피 등 대체재에 비해 다양성 부족\",\"path\":\"건강에 대한 관심\",\"information\":\"다양한 티에 대한 정보\"}","2021-11-24 22:04:49","2021-11-24 22:06:07",580,1
300,"{\"level\":\"초보\",\"resource\":\"맛, 향\",\"problem\":\"커피 등 대체재에 비해 다양성 부족\",\"path\":\"건강에 대한 관심\",\"information\":\"티를 맛있게 즐기는 방법\"}","2021-11-24 22:15:24","2021-11-24 22:15:51",583,1
301,"{\"level\":\"초보\",\"resource\":\"맛, 향\",\"problem\":\"기타: 마셔보고 살 수 없는데 하나씩은 안팔아서 한박스씩 사는데 나한테 안맞는 경우가 있어서 사놓고 안마시게되고 또 사놓은게 있으니 또 다른걸 사기도 두렵고....\",\"path\":\"기타: 맹 물을 잘 안마시기도 하고 아빠가 차를 좋아하셔서 집에 온갖 중국차가 많은데 그러다보니 자연스럽게 차가 좋아졌고 중국차가 아닌 다른차들도 시도해보는중, 일단 차를 마시면 기분도 좋아지고 따뜻하고 차분해지는게 좋아요. 마음이 말랑말랑 포근포근 해지는 느낌?\",\"information\":\"기타: 위에 있는 문항들이 다 궁금해요!\"}","2021-11-25 01:06:45","2021-11-25 01:12:16",584,1
302,"{\"level\":\"보통\",\"resource\":\"맛, 향\",\"problem\":\"커피 등 대체재에 비해 다양성 부족\",\"path\":\"주변의 추천\",\"information\":\"다양한 티에 대한 정보\"}","2021-11-25 08:02:11","2021-11-25 08:02:55",586,1
303,"{\"level\":\"초보\",\"resource\":\"효능\",\"problem\":-1,\"path\":-1,\"information\":-1}","2021-11-25 08:13:02","2021-11-25 08:13:17",589,1
304,"{\"level\":\"초보\",\"resource\":\"맛, 향\",\"problem\":\"기타\",\"path\":\"주변의 추천\",\"information\":\"티를 맛있게 즐기는 방법\"}","2021-11-25 09:07:11","2021-11-25 09:08:01",605,1
305,"{\"level\":\"초보\",\"resource\":\"맛, 향\",\"problem\":\"티 문화 자체에 대한 진입장벽\",\"path\":\"주변의 추천\",\"information\":\"티를 맛있게 즐기는 방법\"}","2021-11-25 09:19:40","2021-11-25 09:20:07",607,1
306,"{\"level\":\"초보\",\"resource\":\"맛, 향\",\"problem\":\"기타\",\"path\":\"주변의 추천\",\"information\":\"티와 함께 즐기기 좋은 디저트\"}","2021-11-25 09:21:43","2021-11-25 09:22:24",608,1
307,"{\"level\":\"초보\",\"resource\":\"효능\",\"problem\":\"기타\",\"path\":\"주변의 추천\",\"information\":\"티를 맛있게 즐기는 방법\"}","2021-11-25 09:45:05","2021-11-25 09:46:30",609,1
308,"{\"level\":\"초보\",\"resource\":\"맛, 향\",\"problem\":\"구매 경로의 문제\",\"path\":\"오프라인 스토어\",\"information\":\"자신의 티 취향 알아보기\"}","2021-11-25 09:53:34","2021-11-25 09:54:04",610,1
309,"{\"level\":\"초보\",\"resource\":\"효능\",\"problem\":\"티 문화 자체에 대한 진입장벽\",\"path\":\"주변의 추천\",\"information\":\"다양한 티에 대한 정보\"}","2021-11-25 11:19:33","2021-11-25 11:20:13",613,1
310,\N,"2021-11-25 12:52:08",\N,616,1
311,"{\"level\":\"초보\",\"resource\":\"효능\",\"problem\":\"가격적인 메리트 부족\",\"path\":\"건강에 대한 관심\",\"information\":\"다양한 티에 대한 정보\"}","2021-11-25 12:52:08","2021-11-25 12:52:46",616,1
312,"{\"level\":\"초보\",\"resource\":\"맛, 향\",\"problem\":\"커피 등 대체재에 비해 다양성 부족\",\"path\":\"주변의 추천\",\"information\":\"티를 맛있게 즐기는 방법\"}","2021-11-25 13:52:17","2021-11-25 13:52:52",620,1
313,"{\"level\":\"초보\",\"resource\":\"맛, 향\",\"problem\":\"기타: 카페인이 안맞아서\",\"path\":\"주변의 추천\",\"information\":\"자신의 티 취향 알아보기\"}","2021-11-25 14:20:54","2021-11-25 14:21:55",624,1
314,"{\"level\":\"초보\",\"resource\":\"맛, 향\",\"problem\":\"티 문화 자체에 대한 진입장벽\",\"path\":\"주변의 추천\",\"information\":\"티를 맛있게 즐기는 방법\"}","2021-11-25 15:51:50","2021-11-25 15:52:14",628,1
315,"{\"level\":\"초보\",\"resource\":\"맛, 향\",\"problem\":\"티 문화 자체에 대한 진입장벽\",\"path\":\"건강에 대한 관심\",\"information\":\"자신의 티 취향 알아보기\"}","2021-11-25 19:09:27","2021-11-25 19:09:52",638,1
316,"{\"level\":\"초보\",\"resource\":\"맛, 향\",\"problem\":\"커피 등 대체재에 비해 다양성 부족\",\"path\":\"건강에 대한 관심\",\"information\":\"자신의 티 취향 알아보기\"}","2021-11-25 22:46:30","2021-11-25 22:47:19",642,1
317,"{\"level\":\"보통\",\"resource\":\"디자인\",\"problem\":\"티 문화 자체에 대한 진입장벽\",\"path\":\"주변의 추천\",\"information\":\"티를 맛있게 즐기는 방법\"}","2021-11-26 00:49:10","2021-11-26 00:49:21",643,1
318,"{\"level\":\"초보\",\"resource\":\"맛, 향\",\"problem\":\"커피 등 대체재에 비해 다양성 부족\",\"path\":\"주변의 추천\",\"information\":\"티를 맛있게 즐기는 방법\"}","2021-11-26 09:28:18","2021-11-26 09:28:50",644,1
319,"{\"level\":\"보통\",\"resource\":\"효능\",\"problem\":\"커피 등 대체재에 비해 다양성 부족\",\"path\":\"주변의 추천\",\"information\":\"자신의 티 취향 알아보기\"}","2021-11-26 15:13:47","2021-11-26 15:14:36",647,1
320,"{\"level\":\"초보\",\"resource\":\"맛, 향\",\"problem\":\"티 문화 자체에 대한 진입장벽\",\"path\":\"커뮤니티(다음카페, 밴드 등)\",\"information\":\"티를 맛있게 즐기는 방법\"}","2021-11-26 19:03:48","2021-11-26 19:04:13",651,1
321,"{\"level\":\"초보\",\"resource\":\"맛, 향\",\"problem\":\"커피 등 대체재에 비해 다양성 부족\",\"path\":\"미디어 (유튜브, SNS 등)\",\"information\":\"자신의 티 취향 알아보기\"}","2021-11-26 19:21:43","2021-11-26 19:22:06",652,1
322,"{\"level\":\"보통\",\"resource\":\"맛, 향\",\"problem\":\"기타: 위 항목 1~3번 전부요ㅠ\",\"path\":\"기타: 술과 커피 외에 다른 매력적인 음료를 찾다가.\",\"information\":\"다양한 티에 대한 정보\"}","2021-11-26 19:24:05","2021-11-26 19:26:37",654,1
323,"{\"level\":\"초보\",\"resource\":\"디자인\",\"problem\":\"가격적인 메리트 부족\",\"path\":\"주변의 추천\",\"information\":\"자신의 티 취향 알아보기\"}","2021-11-26 19:35:24","2021-11-26 19:35:48",656,1
324,"{\"level\":\"초보\",\"resource\":\"맛, 향\",\"problem\":\"티 문화 자체에 대한 진입장벽\",\"path\":\"주변의 추천\",\"information\":\"티를 맛있게 즐기는 방법\"}","2021-11-26 19:41:46","2021-11-26 19:42:42",659,1
325,"{\"level\":\"초보\",\"resource\":\"맛, 향\",\"problem\":\"커피 등 대체재에 비해 다양성 부족\",\"path\":\"오프라인 스토어\",\"information\":\"자신의 티 취향 알아보기\"}","2021-11-26 19:52:30","2021-11-26 19:53:03",664,1
326,"{\"level\":\"초보\",\"resource\":\"효능\",\"problem\":\"티 문화 자체에 대한 진입장벽\",\"path\":\"미디어 (유튜브, SNS 등)\",\"information\":\"자신의 티 취향 알아보기\"}","2021-11-26 20:03:34","2021-11-26 20:03:58",667,1
327,"{\"level\":\"초보\",\"resource\":\"맛, 향\",\"problem\":\"티 문화 자체에 대한 진입장벽\",\"path\":\"미디어 (유튜브, SNS 등)\",\"information\":\"티와 함께 즐기기 좋은 디저트\"}","2021-11-26 20:05:54","2021-11-26 20:06:17",668,1
328,"{\"level\":\"초보\",\"resource\":\"맛, 향\",\"problem\":\"티 문화 자체에 대한 진입장벽\",\"path\":\"주변의 추천\",\"information\":\"자신의 티 취향 알아보기\"}","2021-11-26 20:30:32","2021-11-26 20:30:52",670,1
329,"{\"level\":\"초보\",\"resource\":\"효능\",\"problem\":\"구매 경로의 문제\",\"path\":\"건강에 대한 관심\",\"information\":\"자신의 티 취향 알아보기\"}","2021-11-26 20:35:04","2021-11-26 20:35:44",671,1
330,"{\"level\":\"초보\",\"resource\":\"맛, 향\",\"problem\":\"가격적인 메리트 부족\",\"path\":\"주변의 추천\",\"information\":\"다양한 티에 대한 정보\"}","2021-11-26 22:48:35","2021-11-26 22:48:57",682,1
331,\N,"2021-11-26 22:57:08",\N,685,1
332,"{\"level\":\"보통\",\"resource\":\"맛, 향\",\"problem\":\"티 문화 자체에 대한 진입장벽\",\"path\":\"기타: 집에 다구가 있어서 자연스럽게 관심을 갖게됨\",\"information\":\"티와 함께 즐기기 좋은 디저트\"}","2021-11-26 22:57:31","2021-11-26 22:58:18",685,1
333,"{\"level\":\"초보\",\"resource\":\"맛, 향\",\"problem\":\"기타\",\"path\":\"주변의 추천\",\"information\":\"자신의 티 취향 알아보기\"}","2021-11-27 07:21:09","2021-11-27 07:21:34",690,1
334,"{\"level\":\"초보\",\"resource\":\"맛, 향\",\"problem\":\"가격적인 메리트 부족\",\"path\":\"건강에 대한 관심\",\"information\":\"다양한 티에 대한 정보\"}","2021-11-27 07:35:52","2021-11-27 07:36:28",694,1
335,"{\"level\":\"초보\",\"resource\":\"맛, 향\",\"problem\":\"티 문화 자체에 대한 진입장벽\",\"path\":\"건강에 대한 관심\",\"information\":\"자신의 티 취향 알아보기\"}","2021-11-27 07:36:31","2021-11-27 07:37:05",693,1
336,"{\"level\":\"초보\",\"resource\":\"맛, 향\",\"problem\":\"커피 등 대체재에 비해 다양성 부족\",\"path\":\"건강에 대한 관심\",\"information\":\"자신의 티 취향 알아보기\"}","2021-11-27 07:57:26","2021-11-27 07:58:13",704,1
337,"{\"level\":\"초보\",\"resource\":\"맛, 향\",\"problem\":\"커피 등 대체재에 비해 다양성 부족\",\"path\":\"주변의 추천\",\"information\":\"티를 맛있게 즐기는 방법\"}","2021-11-27 08:14:12","2021-11-27 08:14:55",710,1
338,"{\"level\":\"초보\",\"resource\":\"효능\",\"problem\":\"가격적인 메리트 부족\",\"path\":\"커뮤니티(다음카페, 밴드 등)\",\"information\":\"자신의 티 취향 알아보기\"}","2021-11-27 08:16:24","2021-11-27 08:16:54",711,1
339,"{\"level\":\"초보\",\"resource\":\"맛, 향\",\"problem\":\"가격적인 메리트 부족\",\"path\":\"건강에 대한 관심\",\"information\":\"자신의 티 취향 알아보기\"}","2021-11-27 08:20:53","2021-11-27 08:21:18",715,1
340,"{\"level\":\"보통\",\"resource\":\"맛, 향\",\"problem\":\"가격적인 메리트 부족\",\"path\":\"주변의 추천\",\"information\":\"다양한 티에 대한 정보\"}","2021-11-27 08:22:16","2021-11-27 08:22:48",717,1
341,"{\"level\":\"초보\",\"resource\":\"맛, 향\",\"problem\":\"티 문화 자체에 대한 진입장벽\",\"path\":\"기타\",\"information\":\"티를 맛있게 즐기는 방법\"}","2021-11-27 08:23:11","2021-11-27 08:24:03",716,1
342,"{\"level\":\"초보\",\"resource\":\"디자인\",\"problem\":\"티 문화 자체에 대한 진입장벽\",\"path\":\"건강에 대한 관심\",\"information\":\"다양한 티에 대한 정보\"}","2021-11-27 08:23:22","2021-11-27 08:23:50",718,1
343,"{\"level\":\"초보\",\"resource\":\"맛, 향\",\"problem\":\"구매 경로의 문제\",\"path\":\"기타\",\"information\":\"자신의 티 취향 알아보기\"}","2021-11-27 08:24:06","2021-11-27 08:24:44",719,1
344,"{\"level\":\"보통\",\"resource\":\"맛, 향\",\"problem\":\"기타\",\"path\":\"기타: 원래 좋아함\",\"information\":\"다양한 티에 대한 정보\"}","2021-11-27 08:26:42","2021-11-27 08:27:23",721,1
345,"{\"level\":\"초보\",\"resource\":\"맛, 향\",\"problem\":\"커피 등 대체재에 비해 다양성 부족\",\"path\":\"주변의 추천\",\"information\":\"다양한 티에 대한 정보\"}","2021-11-27 08:27:53","2021-11-27 08:28:23",722,1
346,"{\"level\":\"초보\",\"resource\":\"맛, 향\",\"problem\":\"커피 등 대체재에 비해 다양성 부족\",\"path\":\"기타\",\"information\":\"티를 맛있게 즐기는 방법\"}","2021-11-27 08:30:00","2021-11-27 08:30:24",723,1
347,"{\"level\":\"보통\",\"resource\":\"효능\",\"problem\":\"티 문화 자체에 대한 진입장벽\",\"path\":\"기타: 카페알바 홍차전문\",\"information\":\"다양한 티에 대한 정보\"}","2021-11-27 08:44:03","2021-11-27 08:45:56",731,1
348,"{\"level\":\"초보\",\"resource\":\"맛, 향\",\"problem\":\"티 문화 자체에 대한 진입장벽\",\"path\":\"건강에 대한 관심\",\"information\":\"다양한 티에 대한 정보\"}","2021-11-27 08:49:15","2021-11-27 08:49:48",732,1
349,"{\"level\":\"초보\",\"resource\":\"맛, 향\",\"problem\":\"기타: 재료가 다양하고 맛의 임팩트가 큰 커피음료에 비해 티는 맛을 느끼기 어렵거나 떫고 쓴 특유의 향에 대한 장벽이 있어서\",\"path\":\"기타: 떫고 쓴 것 뿐 아니라 다양한 블렌딩 티가 있음을 알고 이것저것 시도하다가 \",\"information\":\"티와 함께 즐기기 좋은 디저트\"}","2021-11-27 08:52:06","2021-11-27 08:59:38",734,1
350,"{\"level\":\"초보\",\"resource\":\"맛, 향\",\"problem\":\"기타\",\"path\":\"건강에 대한 관심\",\"information\":\"자신의 티 취향 알아보기\"}","2021-11-27 08:57:52","2021-11-27 08:58:24",737,1
351,"{\"level\":\"보통\",\"resource\":\"맛, 향\",\"problem\":\"구매 경로의 문제\",\"path\":\"오프라인 스토어\",\"information\":\"티를 맛있게 즐기는 방법\"}","2021-11-27 09:08:14","2021-11-27 09:09:14",743,1
352,"{\"level\":\"초보\",\"resource\":\"맛, 향\",\"problem\":\"티 문화 자체에 대한 진입장벽\",\"path\":-1,\"information\":-1}","2021-11-27 09:15:47","2021-11-27 09:16:07",751,1
353,"{\"level\":\"보통\",\"resource\":\"맛, 향\",\"problem\":\"구매 경로의 문제\",\"path\":\"커뮤니티(다음카페, 밴드 등)\",\"information\":\"티를 맛있게 즐기는 방법\"}","2021-11-27 09:16:21","2021-11-27 09:16:59",752,1
354,"{\"level\":\"초보\",\"resource\":\"맛, 향\",\"problem\":\"커피 등 대체재에 비해 다양성 부족\",\"path\":\"커뮤니티(다음카페, 밴드 등)\",\"information\":\"자신의 티 취향 알아보기\"}","2021-11-27 09:25:56","2021-11-27 09:26:16",761,1
355,"{\"level\":\"초보\",\"resource\":\"맛, 향\",\"problem\":\"커피 등 대체재에 비해 다양성 부족\",\"path\":\"커뮤니티(다음카페, 밴드 등)\",\"information\":\"자신의 티 취향 알아보기\"}","2021-11-27 09:26:34","2021-11-27 09:27:02",762,1
356,"{\"level\":\"초보\",\"resource\":\"디자인\",\"problem\":\"구매 경로의 문제\",\"path\":\"기타\",\"information\":\"자신의 티 취향 알아보기\"}","2021-11-27 09:32:04","2021-11-27 09:32:28",764,1
357,\N,"2021-11-27 09:32:27",\N,763,1
358,"{\"level\":\"초보\",\"resource\":\"맛, 향\",\"problem\":\"커피 등 대체재에 비해 다양성 부족\",\"path\":\"건강에 대한 관심\",\"information\":\"티를 맛있게 즐기는 방법\"}","2021-11-27 09:33:10","2021-11-27 09:34:08",765,1
359,"{\"level\":\"초보\",\"resource\":\"맛, 향\",\"problem\":\"구매 경로의 문제\",\"path\":\"커뮤니티(다음카페, 밴드 등)\",\"information\":\"티를 맛있게 즐기는 방법\"}","2021-11-27 09:34:16","2021-11-27 09:34:42",766,1
360,"{\"level\":\"초보\",\"resource\":\"효능\",\"problem\":\"가격적인 메리트 부족\",\"path\":\"미디어 (유튜브, SNS 등)\",\"information\":\"자신의 티 취향 알아보기\"}","2021-11-27 09:34:30","2021-11-27 09:35:01",767,1
361,"{\"level\":\"보통\",\"resource\":\"맛, 향\",\"problem\":\"티 문화 자체에 대한 진입장벽\",\"path\":\"건강에 대한 관심\",\"information\":\"티를 맛있게 즐기는 방법\"}","2021-11-27 09:36:35","2021-11-27 09:37:00",770,1
362,"{\"level\":\"보통\",\"resource\":\"효능\",\"problem\":\"커피 등 대체재에 비해 다양성 부족\",\"path\":\"건강에 대한 관심\",\"information\":\"자신의 티 취향 알아보기\"}","2021-11-27 09:37:37","2021-11-27 09:38:09",771,1
363,\N,"2021-11-27 09:42:14",\N,775,1
364,"{\"level\":\"보통\",\"resource\":\"맛, 향\",\"problem\":\"기타\",\"path\":\"기타\",\"information\":-1}","2021-11-27 09:43:42","2021-11-27 09:44:10",775,1
365,"{\"level\":\"초보\",\"resource\":\"맛, 향\",\"problem\":\"구매 경로의 문제\",\"path\":\"기타\",\"information\":\"다양한 티에 대한 정보\"}","2021-11-27 09:49:04","2021-11-27 09:49:29",780,1
366,"{\"level\":\"초보\",\"resource\":\"맛, 향\",\"problem\":\"티 문화 자체에 대한 진입장벽\",\"path\":\"주변의 추천\",\"information\":\"기타\"}","2021-11-27 09:51:05","2021-11-27 09:51:17",783,1
367,"{\"level\":\"초보\",\"resource\":\"맛, 향\",\"problem\":\"커피 등 대체재에 비해 다양성 부족\",\"path\":\"주변의 추천\",\"information\":\"다양한 티에 대한 정보\"}","2021-11-27 09:59:50","2021-11-27 10:00:07",789,1
368,\N,"2021-11-27 10:23:23",\N,796,1
369,"{\"level\":\"전문가\",\"resource\":\"맛, 향\",\"problem\":\"가격적인 메리트 부족\",\"path\":\"주변의 추천\",\"information\":\"다양한 티에 대한 정보\"}","2021-11-27 10:23:25","2021-11-27 10:24:13",796,1
370,"{\"level\":\"보통\",\"resource\":\"맛, 향\",\"problem\":\"커피 등 대체재에 비해 다양성 부족\",\"path\":\"커뮤니티(다음카페, 밴드 등)\",\"information\":\"티를 맛있게 즐기는 방법\"}","2021-11-27 10:31:00","2021-11-27 10:31:27",797,1
371,"{\"level\":\"초보\",\"resource\":\"맛, 향\",\"problem\":\"구매 경로의 문제\",\"path\":\"기타\",\"information\":\"자신의 티 취향 알아보기\"}","2021-11-27 10:32:48","2021-11-27 10:33:23",798,1
372,"{\"level\":\"보통\",\"resource\":-1,\"problem\":-1,\"path\":-1,\"information\":-1}","2021-11-27 10:37:55","2021-11-27 10:38:00",800,1
373,"{\"level\":\"초보\",\"resource\":\"맛, 향\",\"problem\":\"커피 등 대체재에 비해 다양성 부족\",\"path\":\"주변의 추천\",\"information\":\"티를 맛있게 즐기는 방법\"}","2021-11-27 10:40:43","2021-11-27 10:41:18",802,1
374,\N,"2021-11-27 10:46:52",\N,803,1
375,"{\"level\":\"초보\",\"resource\":\"맛, 향\",\"problem\":\"기타: 별로 맛이 없어서\",\"path\":\"건강에 대한 관심\",\"information\":\"티를 맛있게 즐기는 방법\"}","2021-11-27 10:58:20","2021-11-27 10:58:57",811,1
376,"{\"level\":\"초보\",\"resource\":\"맛, 향\",\"problem\":\"가격적인 메리트 부족\",\"path\":\"건강에 대한 관심\",\"information\":\"티를 맛있게 즐기는 방법\"}","2021-11-27 11:07:06","2021-11-27 11:07:29",816,1
377,"{\"level\":\"초보\",\"resource\":\"맛, 향\",\"problem\":\"구매 경로의 문제\",\"path\":\"기타\",\"information\":\"자신의 티 취향 알아보기\"}","2021-11-27 11:41:28","2021-11-27 11:41:59",826,1
378,"{\"level\":\"초보\",\"resource\":\"효능\",\"problem\":\"구매 경로의 문제\",\"path\":\"건강에 대한 관심\",\"information\":\"자신의 티 취향 알아보기\"}","2021-11-27 12:43:00","2021-11-27 12:44:04",835,1
379,\N,"2021-11-27 12:50:28",\N,840,1
380,"{\"level\":\"초보\",\"resource\":\"맛, 향\",\"problem\":\"티 문화 자체에 대한 진입장벽\",\"path\":\"건강에 대한 관심\",\"information\":\"자신의 티 취향 알아보기\"}","2021-11-27 12:54:09","2021-11-27 12:54:52",842,1
381,\N,"2021-11-27 13:05:53",\N,844,1
382,"{\"level\":\"초보\",\"resource\":\"디자인\",\"problem\":\"티 문화 자체에 대한 진입장벽\",\"path\":\"주변의 추천\",\"information\":\"티를 맛있게 즐기는 방법\"}","2021-11-27 13:07:21","2021-11-27 13:28:04",839,1
383,"{\"level\":\"초보\",\"resource\":\"맛, 향\",\"problem\":\"기타: 티를 자주 접해보지 않다보니..\",\"path\":\"건강에 대한 관심\",\"information\":\"다양한 티에 대한 정보\"}","2021-11-27 13:22:58","2021-11-27 13:26:32",848,1
384,"{\"level\":\"초보\",\"resource\":\"맛, 향\",\"problem\":\"가격적인 메리트 부족\",\"path\":\"주변의 추천\",\"information\":\"자신의 티 취향 알아보기\"}","2021-11-27 13:39:57","2021-11-27 13:40:53",858,1
385,"{\"level\":\"초보\",\"resource\":\"맛, 향\",\"problem\":\"가격적인 메리트 부족\",\"path\":\"주변의 추천\",\"information\":\"자신의 티 취향 알아보기\"}","2021-11-27 13:42:02","2021-11-27 13:42:18",859,1
386,"{\"level\":\"초보\",\"resource\":\"맛, 향\",\"problem\":\"가격적인 메리트 부족\",\"path\":\"주변의 추천\",\"information\":\"자신의 티 취향 알아보기\"}","2021-11-27 13:45:29","2021-11-27 13:45:39",860,1
387,"{\"level\":\"초보\",\"resource\":\"맛, 향\",\"problem\":\"티 문화 자체에 대한 진입장벽\",\"path\":\"미디어 (유튜브, SNS 등)\",\"information\":\"다양한 티에 대한 정보\"}","2021-11-27 13:47:19","2021-11-27 13:47:49",864,1
388,\N,"2021-11-27 13:54:44",\N,865,1
389,"{\"level\":\"초보\",\"resource\":\"효능\",\"problem\":\"구매 경로의 문제\",\"path\":\"건강에 대한 관심\",\"information\":\"자신의 티 취향 알아보기\"}","2021-11-27 13:54:45","2021-11-27 13:55:19",865,1
390,"{\"level\":\"초보\",\"resource\":\"맛, 향\",\"problem\":\"구매 경로의 문제\",\"path\":\"미디어 (유튜브, SNS 등)\",\"information\":\"다양한 티에 대한 정보\"}","2021-11-27 13:58:30","2021-11-27 13:58:56",866,1
391,"{\"level\":\"초보\",\"resource\":\"효능\",\"problem\":\"가격적인 메리트 부족\",\"path\":\"건강에 대한 관심\",\"information\":\"다양한 티에 대한 정보\"}","2021-11-27 14:06:42","2021-11-27 14:07:40",867,1
392,"{\"level\":\"보통\",\"resource\":\"맛, 향\",\"problem\":\"가격적인 메리트 부족\",\"path\":\"주변의 추천\",\"information\":\"다양한 티에 대한 정보\"}","2021-11-27 14:13:22","2021-11-27 14:14:45",869,1
393,"{\"level\":\"초보\",\"resource\":\"맛, 향\",\"problem\":\"가격적인 메리트 부족\",\"path\":\"주변의 추천\",\"information\":\"다양한 티에 대한 정보\"}","2021-11-27 14:30:33","2021-11-27 14:31:14",870,1
394,"{\"level\":\"보통\",\"resource\":\"맛, 향\",\"problem\":\"커피 등 대체재에 비해 다양성 부족\",\"path\":\"주변의 추천\",\"information\":\"자신의 티 취향 알아보기\"}","2021-11-27 14:36:31","2021-11-27 14:37:04",872,1
395,"{\"level\":\"초보\",\"resource\":\"맛, 향\",\"problem\":\"가격적인 메리트 부족\",\"path\":\"건강에 대한 관심\",\"information\":\"자신의 티 취향 알아보기\"}","2021-11-27 14:41:53","2021-11-27 14:42:18",878,1
396,"{\"level\":\"초보\",\"resource\":\"맛, 향\",\"problem\":\"티 문화 자체에 대한 진입장벽\",\"path\":\"주변의 추천\",\"information\":\"자신의 티 취향 알아보기\"}","2021-11-27 14:42:37","2021-11-27 14:43:24",880,1
397,"{\"level\":\"초보\",\"resource\":\"맛, 향\",\"problem\":\"티 문화 자체에 대한 진입장벽\",\"path\":\"주변의 추천\",\"information\":\"티와 함께 즐기기 좋은 디저트\"}","2021-11-27 14:48:55","2021-11-27 14:50:06",881,1
398,\N,"2021-11-27 15:22:08",\N,889,1
399,"{\"level\":\"보통\",\"resource\":\"맛, 향\",\"problem\":\"티 문화 자체에 대한 진입장벽\",\"path\":\"미디어 (유튜브, SNS 등)\",\"information\":\"자신의 티 취향 알아보기\"}","2021-11-27 15:41:32","2021-11-27 15:42:02",892,1
400,"{\"level\":\"보통\",\"resource\":\"맛, 향\",\"problem\":\"티 문화 자체에 대한 진입장벽\",\"path\":\"기타\",\"information\":\"자신의 티 취향 알아보기\"}","2021-11-27 16:10:14","2021-11-27 16:10:38",894,1
401,"{\"level\":\"보통\",\"resource\":\"맛, 향\",\"problem\":\"구매 경로의 문제\",\"path\":\"주변의 추천\",\"information\":\"다양한 티에 대한 정보\"}","2021-11-27 16:40:07","2021-11-27 16:40:40",902,1
402,\N,"2021-11-27 16:40:13",\N,901,1
403,"{\"level\":\"초보\",\"resource\":\"효능\",\"problem\":\"구매 경로의 문제\",\"path\":\"건강에 대한 관심\",\"information\":\"다양한 티에 대한 정보\"}","2021-11-27 16:41:38","2021-11-27 16:42:11",904,1
404,"{\"level\":\"초보\",\"resource\":\"효능\",\"problem\":\"구매 경로의 문제\",\"path\":\"미디어 (유튜브, SNS 등)\",\"information\":\"티를 맛있게 즐기는 방법\"}","2021-11-27 16:44:43","2021-11-27 16:45:12",905,1
405,"{\"level\":\"보통\",\"resource\":\"맛, 향\",\"problem\":\"커피 등 대체재에 비해 다양성 부족\",\"path\":\"오프라인 스토어\",\"information\":\"다양한 티에 대한 정보\"}","2021-11-27 16:44:46","2021-11-27 16:45:25",907,1
406,"{\"level\":\"보통\",\"resource\":\"맛, 향\",\"problem\":\"커피 등 대체재에 비해 다양성 부족\",\"path\":\"건강에 대한 관심\",\"information\":\"다양한 티에 대한 정보\"}","2021-11-27 16:46:31","2021-11-27 16:47:09",912,1
407,\N,"2021-11-27 17:03:30",\N,917,1
408,"{\"level\":\"초보\",\"resource\":\"맛, 향\",\"problem\":\"기타: 종류가 많고 정확한 맛을 유추하기 어려워 접근성이 낮았음\",\"path\":\"커뮤니티(다음카페, 밴드 등)\",\"information\":\"자신의 티 취향 알아보기\"}","2021-11-27 17:20:15","2021-11-27 17:22:07",922,1
409,"{\"level\":\"초보\",\"resource\":\"맛, 향\",\"problem\":\"커피 등 대체재에 비해 다양성 부족\",\"path\":\"건강에 대한 관심\",\"information\":\"티를 맛있게 즐기는 방법\"}","2021-11-27 17:20:43","2021-11-27 17:21:27",921,1
410,"{\"level\":\"초보\",\"resource\":\"맛, 향\",\"problem\":\"커피 등 대체재에 비해 다양성 부족\",\"path\":\"미디어 (유튜브, SNS 등)\",\"information\":\"자신의 티 취향 알아보기\"}","2021-11-27 17:26:04","2021-11-27 17:26:29",931,1
411,"{\"level\":\"보통\",\"resource\":\"맛, 향\",\"problem\":\"커피 등 대체재에 비해 다양성 부족\",\"path\":\"기타: 커피를 못마셔서 \",\"information\":\"다양한 티에 대한 정보\"}","2021-11-27 17:28:32","2021-11-27 17:29:30",934,1
412,"{\"level\":\"보통\",\"resource\":\"맛, 향\",\"problem\":\"구매 경로의 문제\",\"path\":\"기타: 좋은 티를 접하고 나서\",\"information\":\"다양한 티에 대한 정보\"}","2021-11-27 17:33:02","2021-11-27 17:34:48",935,1
413,"{\"level\":\"초보\",\"resource\":\"효능\",\"problem\":\"티 문화 자체에 대한 진입장벽\",\"path\":\"주변의 추천\",\"information\":\"티를 맛있게 즐기는 방법\"}","2021-11-27 17:37:50","2021-11-27 17:38:18",941,1
414,"{\"level\":\"초보\",\"resource\":\"맛, 향\",\"problem\":\"커피 등 대체재에 비해 다양성 부족\",\"path\":\"건강에 대한 관심\",\"information\":\"티를 맛있게 즐기는 방법\"}","2021-11-27 17:49:15","2021-11-27 17:49:37",942,1
415,"{\"level\":\"초보\",\"resource\":\"맛, 향\",\"problem\":\"가격적인 메리트 부족\",\"path\":\"건강에 대한 관심\",\"information\":\"티를 맛있게 즐기는 방법\"}","2021-11-27 17:59:59","2021-11-27 18:00:27",943,1
416,"{\"level\":\"보통\",\"resource\":\"맛, 향\",\"problem\":\"가격적인 메리트 부족\",\"path\":\"건강에 대한 관심\",\"information\":\"다양한 티에 대한 정보\"}","2021-11-27 18:03:44","2021-11-27 18:04:13",944,1
417,"{\"level\":\"초보\",\"resource\":\"맛, 향\",\"problem\":\"커피 등 대체재에 비해 다양성 부족\",\"path\":\"기타: 맛있는건 맛잇어서\",\"information\":\"자신의 티 취향 알아보기\"}","2021-11-27 18:07:10","2021-11-27 18:07:37",945,1
418,"{\"level\":\"초보\",\"resource\":\"효능\",\"problem\":\"가격적인 메리트 부족\",\"path\":\"주변의 추천\",\"information\":\"자신의 티 취향 알아보기\"}","2021-11-27 18:10:18","2021-11-27 18:10:53",946,1
419,"{\"level\":\"초보\",\"resource\":\"맛, 향\",\"problem\":\"커피 등 대체재에 비해 다양성 부족\",\"path\":\"건강에 대한 관심\",\"information\":\"자신의 티 취향 알아보기\"}","2021-11-27 18:37:00","2021-11-27 18:37:24",955,1
420,"{\"level\":\"초보\",\"resource\":\"맛, 향\",\"problem\":\"커피 등 대체재에 비해 다양성 부족\",\"path\":\"커뮤니티(다음카페, 밴드 등)\",\"information\":\"다양한 티에 대한 정보\"}","2021-11-27 18:45:40","2021-11-27 18:46:05",957,1
421,\N,"2021-11-27 19:42:13",\N,964,1
422,"{\"level\":\"초보\",\"resource\":\"맛, 향\",\"problem\":\"커피 등 대체재에 비해 다양성 부족\",\"path\":\"미디어 (유튜브, SNS 등)\",\"information\":\"자신의 티 취향 알아보기\"}","2021-11-27 19:42:17","2021-11-27 19:42:45",964,1
423,\N,"2021-11-27 20:36:02",\N,969,1
424,"{\"level\":\"초보\",\"resource\":\"효능\",\"problem\":\"티 문화 자체에 대한 진입장벽\",\"path\":\"미디어 (유튜브, SNS 등)\",\"information\":\"다양한 티에 대한 정보\"}","2021-11-27 20:36:10","2021-11-27 20:36:42",969,1
425,"{\"level\":\"보통\",\"resource\":\"맛, 향\",\"problem\":\"가격적인 메리트 부족\",\"path\":\"오프라인 스토어\",\"information\":\"다양한 티에 대한 정보\"}","2021-11-27 20:42:42","2021-11-27 20:43:31",972,1
426,"{\"level\":\"초보\",\"resource\":\"맛, 향\",\"problem\":\"커피 등 대체재에 비해 다양성 부족\",\"path\":\"오프라인 스토어\",\"information\":\"티와 함께 즐기기 좋은 디저트\"}","2021-11-27 20:56:47","2021-11-27 20:57:15",973,1
427,"{\"level\":\"초보\",\"resource\":\"맛, 향\",\"problem\":\"티 문화 자체에 대한 진입장벽\",\"path\":\"기타: 먹어보니까 맛있어서\",\"information\":\"자신의 티 취향 알아보기\"}","2021-11-27 21:00:04","2021-11-27 21:00:43",974,1
428,"{\"level\":\"초보\",\"resource\":\"맛, 향\",\"problem\":\"커피 등 대체재에 비해 다양성 부족\",\"path\":\"주변의 추천\",\"information\":\"티를 맛있게 즐기는 방법\"}","2021-11-27 21:00:54","2021-11-27 21:01:12",975,1
429,"{\"level\":\"초보\",\"resource\":\"맛, 향\",\"problem\":\"커피 등 대체재에 비해 다양성 부족\",\"path\":\"건강에 대한 관심\",\"information\":\"티를 맛있게 즐기는 방법\"}","2021-11-27 21:36:45","2021-11-27 21:38:07",977,1
430,\N,"2021-11-27 21:41:54",\N,978,1
431,"{\"level\":\"초보\",\"resource\":\"맛, 향\",\"problem\":\"기타: 너무 종류가 많아서\",\"path\":\"미디어 (유튜브, SNS 등)\",\"information\":\"티를 맛있게 즐기는 방법\"}","2021-11-27 21:43:02","2021-11-27 21:44:12",979,1
432,"{\"level\":\"초보\",\"resource\":\"맛, 향\",\"problem\":\"가격적인 메리트 부족\",\"path\":\"건강에 대한 관심\",\"information\":\"티를 맛있게 즐기는 방법\"}","2021-11-27 22:49:38","2021-11-27 22:50:20",984,1
433,"{\"level\":\"초보\",\"resource\":\"맛, 향\",\"problem\":\"가격적인 메리트 부족\",\"path\":\"오프라인 스토어\",\"information\":\"자신의 티 취향 알아보기\"}","2021-11-28 01:22:45","2021-11-28 01:23:23",989,1
434,\N,"2021-11-28 01:41:09",\N,990,1
435,"{\"level\":\"초보\",\"resource\":\"맛, 향\",\"problem\":\"구매 경로의 문제\",\"path\":\"주변의 추천\",\"information\":\"티를 맛있게 즐기는 방법\"}","2021-11-28 02:22:24","2021-11-28 02:22:44",991,1
436,"{\"level\":\"전문가\",\"resource\":\"기타\",\"problem\":\"기타\",\"path\":\"오프라인 스토어\",\"information\":\"티와 함께 즐기기 좋은 디저트\"}","2021-11-28 02:22:39","2021-11-28 02:22:49",992,1
437,"{\"level\":\"보통\",\"resource\":\"맛, 향\",\"problem\":\"구매 경로의 문제\",\"path\":\"건강에 대한 관심\",\"information\":\"다양한 티에 대한 정보\"}","2021-11-28 02:37:24","2021-11-28 02:38:00",997,1
438,"{\"level\":\"초보\",\"resource\":\"맛, 향\",\"problem\":\"구매 경로의 문제\",\"path\":\"기타\",\"information\":\"기타\"}","2021-11-28 02:38:26","2021-11-28 02:38:45",999,1
439,"{\"level\":\"전문가\",\"resource\":\"기타\",\"problem\":\"기타\",\"path\":\"기타\",\"information\":\"기타\"}","2021-11-28 02:41:50","2021-11-28 02:41:59",1003,1
440,\N,"2021-11-28 02:42:27",\N,1001,1
441,"{\"level\":\"초보\",\"resource\":\"맛, 향\",\"problem\":\"티 문화 자체에 대한 진입장벽\",\"path\":\"기타\",\"information\":\"티와 함께 즐기기 좋은 디저트\"}","2021-11-28 02:45:47","2021-11-28 02:46:26",1004,1
442,"{\"level\":\"전문가\",\"resource\":\"기타\",\"problem\":\"기타\",\"path\":\"오프라인 스토어\",\"information\":\"기타\"}","2021-11-28 02:46:10","2021-11-28 02:46:19",1007,1
443,"{\"level\":\"보통\",\"resource\":\"맛, 향\",\"problem\":\"티 문화 자체에 대한 진입장벽\",\"path\":\"주변의 추천\",\"information\":\"다양한 티에 대한 정보\"}","2021-11-28 02:47:23","2021-11-28 02:47:54",1006,1
444,"{\"level\":\"보통\",\"resource\":\"효능\",\"problem\":\"가격적인 메리트 부족\",\"path\":\"커뮤니티(다음카페, 밴드 등)\",\"information\":\"티와 함께 즐기기 좋은 디저트\"}","2021-11-28 03:00:19","2021-11-28 03:00:37",1010,1
445,"{\"level\":\"전문가\",\"resource\":\"맛, 향\",\"problem\":\"구매 경로의 문제\",\"path\":\"건강에 대한 관심\",\"information\":\"티와 함께 즐기기 좋은 디저트\"}","2021-11-28 03:22:44","2021-11-28 03:22:58",1014,1
446,"{\"level\":\"보통\",\"resource\":\"맛, 향\",\"problem\":\"가격적인 메리트 부족\",\"path\":\"미디어 (유튜브, SNS 등)\",\"information\":\"자신의 티 취향 알아보기\"}","2021-11-28 03:44:10","2021-11-28 03:44:39",1023,1
447,"{\"level\":\"초보\",\"resource\":\"맛, 향\",\"problem\":\"가격적인 메리트 부족\",\"path\":\"미디어 (유튜브, SNS 등)\",\"information\":\"티를 맛있게 즐기는 방법\"}","2021-11-28 03:45:39","2021-11-28 03:46:36",1024,1
448,"{\"level\":\"초보\",\"resource\":\"맛, 향\",\"problem\":\"티 문화 자체에 대한 진입장벽\",\"path\":\"오프라인 스토어\",\"information\":\"다양한 티에 대한 정보\"}","2021-11-28 03:55:59","2021-11-28 03:57:28",1030,1
449,"{\"level\":\"초보\",\"resource\":\"맛, 향\",\"problem\":\"티 문화 자체에 대한 진입장벽\",\"path\":\"기타\",\"information\":\"자신의 티 취향 알아보기\"}","2021-11-28 05:26:57","2021-11-28 05:27:26",1035,1
450,"{\"level\":\"초보\",\"resource\":\"맛, 향\",\"problem\":\"커피 등 대체재에 비해 다양성 부족\",\"path\":\"기타\",\"information\":\"다양한 티에 대한 정보\"}","2021-11-28 07:49:25","2021-11-28 07:50:01",1040,1
451,"{\"level\":\"보통\",\"resource\":\"맛, 향\",\"problem\":\"가격적인 메리트 부족\",\"path\":\"건강에 대한 관심\",\"information\":\"티를 맛있게 즐기는 방법\"}","2021-11-28 07:50:20","2021-11-28 07:52:24",1038,1
452,"{\"level\":\"보통\",\"resource\":\"맛, 향\",\"problem\":\"구매 경로의 문제\",\"path\":\"오프라인 스토어\",\"information\":\"자신의 티 취향 알아보기\"}","2021-11-28 09:02:47","2021-11-28 09:03:21",1044,1
453,"{\"level\":\"초보\",\"resource\":\"맛, 향\",\"problem\":\"커피 등 대체재에 비해 다양성 부족\",\"path\":\"미디어 (유튜브, SNS 등)\",\"information\":\"티를 맛있게 즐기는 방법\"}","2021-11-28 10:03:11","2021-11-28 10:03:33",1048,1
454,"{\"level\":\"초보\",\"resource\":\"맛, 향\",\"problem\":\"티 문화 자체에 대한 진입장벽\",\"path\":\"주변의 추천\",\"information\":\"티를 맛있게 즐기는 방법\"}","2021-11-28 11:38:47","2021-11-28 11:39:26",1054,1
455,"{\"level\":\"보통\",\"resource\":\"맛, 향\",\"problem\":\"커피 등 대체재에 비해 다양성 부족\",\"path\":[\"커\",\"뮤\",\"니\",\"티\",\"(\",\"다\",\"음\",\"카\",\"페\",\",\",\" \",\"밴\",\"드\",\" \",\"등\",\")\"],\"information\":\"다양한 티에 대한 정보\"}","2021-11-28 11:44:22","2021-11-28 11:45:15",1057,1
456,"{\"level\":\"보통\",\"resource\":\"맛, 향\",\"problem\":\"가격적인 메리트 부족\",\"path\":\"건강에 대한 관심\",\"information\":\"자신의 티 취향 알아보기\"}","2021-11-28 11:57:57","2021-11-28 11:58:24",1063,1
457,"{\"level\":\"초보\",\"resource\":\"맛, 향\",\"problem\":\"티 문화 자체에 대한 진입장벽\",\"path\":\"커뮤니티(다음카페, 밴드 등)\",\"information\":\"자신의 티 취향 알아보기\"}","2021-11-28 11:59:08","2021-11-28 11:59:36",1065,1
458,"{\"level\":\"초보\",\"resource\":\"맛, 향\",\"problem\":\"티 문화 자체에 대한 진입장벽\",\"path\":\"건강에 대한 관심\",\"information\":\"티를 맛있게 즐기는 방법\"}","2021-11-28 12:20:13","2021-11-28 12:20:43",1068,1
459,"{\"level\":\"초보\",\"resource\":\"맛, 향\",\"problem\":\"티 문화 자체에 대한 진입장벽\",\"path\":\"건강에 대한 관심\",\"information\":\"자신의 티 취향 알아보기\"}","2021-11-28 12:36:06","2021-11-28 12:36:29",1069,1
460,"{\"level\":\"보통\",\"resource\":\"맛, 향\",\"problem\":\"구매 경로의 문제\",\"path\":\"건강에 대한 관심\",\"information\":\"다양한 티에 대한 정보\"}","2021-11-28 12:46:47","2021-11-28 12:47:15",1071,1
461,"{\"level\":\"전문가\",\"resource\":\"맛, 향\",\"problem\":\"가격적인 메리트 부족\",\"path\":\"건강에 대한 관심\",\"information\":\"다양한 티에 대한 정보\"}","2021-11-28 14:25:57","2021-11-28 14:26:32",1078,1
462,\N,"2021-11-28 16:33:36",\N,1081,1
463,"{\"level\":\"보통\",\"resource\":\"맛, 향\",\"problem\":\"구매 경로의 문제\",\"path\":\"주변의 추천\",\"information\":\"다양한 티에 대한 정보\"}","2021-11-28 21:51:00","2021-11-28 21:51:43",1084,1
464,"{\"level\":\"보통\",\"resource\":\"맛, 향\",\"problem\":\"가격적인 메리트 부족\",\"path\":\"주변의 추천\",\"information\":\"다양한 티에 대한 정보\"}","2021-11-28 22:28:15","2021-11-28 22:30:51",1085,1
465,"{\"level\":\"초보\",\"resource\":\"효능\",\"problem\":\"티 문화 자체에 대한 진입장벽\",\"path\":\"주변의 추천\",\"information\":\"자신의 티 취향 알아보기\"}","2021-11-29 00:43:00","2021-11-29 00:43:33",1087,1
466,"{\"level\":\"보통\",\"resource\":\"맛, 향\",\"problem\":\"기타: 어떤게 있는지 한눈에 알기가 어려워요 몰라서 못마시는 브랜드가 넘 많음\",\"path\":\"건강에 대한 관심\",\"information\":\"자신의 티 취향 알아보기\"}","2021-11-29 15:38:26","2021-11-29 15:39:16",1094,1
467,"{\"level\":\"전문가\",\"resource\":\"디자인\",\"problem\":\"가격적인 메리트 부족\",\"path\":\"커뮤니티(다음카페, 밴드 등)\",\"information\":\"다양한 티에 대한 정보\"}","2021-11-29 15:46:28","2021-11-29 15:46:39",1095,1
468,"{\"level\":\"전문가\",\"resource\":\"효능\",\"problem\":\"가격적인 메리트 부족\",\"path\":\"기타\",\"information\":\"티와 함께 즐기기 좋은 디저트\"}","2021-11-29 15:53:08","2021-11-29 15:53:23",1098,1
469,"{\"level\":\"보통\",\"resource\":\"효능\",\"problem\":\"커피 등 대체재에 비해 다양성 부족\",\"path\":\"건강에 대한 관심\",\"information\":\"다양한 티에 대한 정보\"}","2021-11-30 07:13:44","2021-11-30 07:14:12",1101,1
470,"{\"level\":\"초보\",\"resource\":\"맛, 향\",\"problem\":\"티 문화 자체에 대한 진입장벽\",\"path\":\"주변의 추천\",\"information\":\"자신의 티 취향 알아보기\"}","2021-11-30 12:10:26","2021-11-30 12:11:06",1107,1
471,"{\"level\":\"보통\",\"resource\":\"맛, 향\",\"problem\":\"기타\",\"path\":\"기타\",\"information\":\"다양한 티에 대한 정보\"}","2021-11-30 12:57:19","2021-11-30 12:57:45",1114,1
472,"{\"level\":\"보통\",\"resource\":\"맛, 향\",\"problem\":\"기타\",\"path\":\"기타\",\"information\":\"기타\"}","2021-11-30 12:58:46","2021-11-30 12:59:07",1115,1
473,"{\"level\":\"초보\",\"resource\":\"맛, 향\",\"problem\":\"구매 경로의 문제\",\"path\":\"건강에 대한 관심\",\"information\":\"자신의 티 취향 알아보기\"}","2021-11-30 13:04:56","2021-11-30 13:05:32",1116,1
474,"{\"level\":\"보통\",\"resource\":\"맛, 향\",\"problem\":\"가격적인 메리트 부족\",\"path\":\"건강에 대한 관심\",\"information\":\"자신의 티 취향 알아보기\"}","2021-11-30 13:49:58","2021-11-30 13:50:31",1121,1
475,"{\"level\":\"보통\",\"resource\":\"맛, 향\",\"problem\":\"커피 등 대체재에 비해 다양성 부족\",\"path\":\"건강에 대한 관심\",\"information\":\"자신의 티 취향 알아보기\"}","2021-11-30 13:57:52","2021-11-30 13:58:06",1122,1
476,"{\"level\":\"보통\",\"resource\":\"맛, 향\",\"problem\":\"커피 등 대체재에 비해 다양성 부족\",\"path\":\"주변의 추천\",\"information\":\"다양한 티에 대한 정보\"}","2021-11-30 15:57:54","2021-11-30 15:58:17",1128,1
477,"{\"level\":\"초보\",\"resource\":\"효능\",\"problem\":\"구매 경로의 문제\",\"path\":\"주변의 추천\",\"information\":\"티를 맛있게 즐기는 방법\"}","2021-11-30 15:59:22","2021-11-30 15:59:37",1129,1
478,"{\"level\":\"보통\",\"resource\":\"효능\",\"problem\":\"가격적인 메리트 부족\",\"path\":\"건강에 대한 관심\",\"information\":\"다양한 티에 대한 정보\"}","2021-11-30 16:13:22","2021-11-30 16:14:07",1132,1
479,"{\"level\":\"초보\",\"resource\":\"맛, 향\",\"problem\":\"커피 등 대체재에 비해 다양성 부족\",\"path\":\"건강에 대한 관심\",\"information\":\"자신의 티 취향 알아보기\"}","2021-11-30 16:43:09","2021-11-30 16:43:58",1137,1
480,"{\"level\":\"보통\",\"resource\":\"맛, 향\",\"problem\":\"구매 경로의 문제\",\"path\":\"건강에 대한 관심\",\"information\":\"티를 맛있게 즐기는 방법\"}","2021-11-30 17:06:01","2021-11-30 17:06:32",1140,1
481,"{\"level\":\"보통\",\"resource\":\"맛, 향\",\"problem\":\"구매 경로의 문제\",\"path\":\"건강에 대한 관심\",\"information\":\"티를 맛있게 즐기는 방법\"}","2021-11-30 17:09:06","2021-11-30 17:09:17",1142,1
482,"{\"level\":\"보통\",\"resource\":\"맛, 향\",\"problem\":\"기타: 카페인\",\"path\":\"주변의 추천\",\"information\":\"티와 함께 즐기기 좋은 디저트\"}","2021-11-30 17:18:38","2021-11-30 17:19:37",1144,1
483,"{\"level\":\"초보\",\"resource\":\"맛, 향\",\"problem\":\"기타: 나에게 맞는 티를 찾는 과정이 어려움\",\"path\":\"건강에 대한 관심\",\"information\":\"자신의 티 취향 알아보기\"}","2021-11-30 17:35:07","2021-11-30 17:36:10",1148,1
484,"{\"level\":\"초보\",\"resource\":\"효능\",\"problem\":\"가격적인 메리트 부족\",\"path\":\"건강에 대한 관심\",\"information\":\"자신의 티 취향 알아보기\"}","2021-11-30 17:40:36","2021-11-30 17:41:14",1153,1
485,"{\"level\":\"초보\",\"resource\":\"맛, 향\",\"problem\":\"커피 등 대체재에 비해 다양성 부족\",\"path\":\"주변의 추천\",\"information\":\"다양한 티에 대한 정보\"}","2021-11-30 17:41:03","2021-11-30 17:42:01",1152,1
486,"{\"level\":\"보통\",\"resource\":\"맛, 향\",\"problem\":\"구매 경로의 문제\",\"path\":\"주변의 추천\",\"information\":\"티와 함께 즐기기 좋은 디저트\"}","2021-11-30 17:41:11","2021-11-30 17:41:29",1154,1
487,"{\"level\":\"초보\",\"resource\":\"맛, 향\",\"problem\":\"티 문화 자체에 대한 진입장벽\",\"path\":\"주변의 추천\",\"information\":\"티를 맛있게 즐기는 방법\"}","2021-11-30 17:41:43","2021-11-30 17:43:16",1156,1
488,"{\"level\":\"초보\",\"resource\":-1,\"problem\":-1,\"path\":-1,\"information\":-1}","2021-11-30 17:50:40","2021-11-30 17:50:44",1158,1
489,"{\"level\":\"보통\",\"resource\":\"맛, 향\",\"problem\":\"커피 등 대체재에 비해 다양성 부족\",\"path\":\"건강에 대한 관심\",\"information\":\"다양한 티에 대한 정보\"}","2021-11-30 17:55:55","2021-11-30 17:56:12",1160,1
490,"{\"level\":\"보통\",\"resource\":\"맛, 향\",\"problem\":\"가격적인 메리트 부족\",\"path\":\"커뮤니티(다음카페, 밴드 등)\",\"information\":\"티와 함께 즐기기 좋은 디저트\"}","2021-11-30 18:06:09","2021-11-30 18:06:53",1169,1
491,"{\"level\":\"초보\",\"resource\":\"맛, 향\",\"problem\":\"커피 등 대체재에 비해 다양성 부족\",\"path\":\"건강에 대한 관심\",\"information\":\"자신의 티 취향 알아보기\"}","2021-11-30 18:20:13","2021-11-30 18:20:28",1176,1
492,"{\"level\":\"초보\",\"resource\":\"효능\",\"problem\":\"티 문화 자체에 대한 진입장벽\",\"path\":\"건강에 대한 관심\",\"information\":\"다양한 티에 대한 정보\"}","2021-11-30 18:28:04","2021-11-30 18:29:02",1179,1
493,"{\"level\":\"초보\",\"resource\":\"맛, 향\",\"problem\":\"티 문화 자체에 대한 진입장벽\",\"path\":\"커뮤니티(다음카페, 밴드 등)\",\"information\":\"다양한 티에 대한 정보\"}","2021-11-30 18:39:37","2021-11-30 19:44:40",1191,1
494,"{\"level\":\"보통\",\"resource\":\"맛, 향\",\"problem\":\"커피 등 대체재에 비해 다양성 부족\",\"path\":\"건강에 대한 관심\",\"information\":\"티를 맛있게 즐기는 방법\"}","2021-11-30 18:40:42","2021-11-30 18:41:20",1192,1
495,"{\"level\":\"초보\",\"resource\":\"맛, 향\",\"problem\":\"커피 등 대체재에 비해 다양성 부족\",\"path\":\"건강에 대한 관심\",\"information\":\"자신의 티 취향 알아보기\"}","2021-11-30 18:42:20","2021-11-30 18:42:36",1193,1
496,\N,"2021-11-30 18:45:52",\N,1194,1
497,"{\"level\":\"초보\",\"resource\":\"맛, 향\",\"problem\":\"구매 경로의 문제\",\"path\":\"기타: 커피를 못마셔서\",\"information\":\"티를 맛있게 즐기는 방법\"}","2021-11-30 18:56:39","2021-11-30 18:57:31",1198,1
498,\N,"2021-11-30 18:57:28",\N,1200,1
499,"{\"level\":\"초보\",\"resource\":\"맛, 향\",\"problem\":\"티 문화 자체에 대한 진입장벽\",\"path\":\"미디어 (유튜브, SNS 등)\",\"information\":\"자신의 티 취향 알아보기\"}","2021-11-30 18:57:33","2021-11-30 18:58:04",1200,1
500,"{\"level\":\"초보\",\"resource\":\"맛, 향\",\"problem\":\"티 문화 자체에 대한 진입장벽\",\"path\":\"미디어 (유튜브, SNS 등)\",\"information\":\"티를 맛있게 즐기는 방법\"}","2021-11-30 19:01:15","2021-11-30 19:01:33",1202,1
501,"{\"level\":\"초보\",\"resource\":\"맛, 향\",\"problem\":\"구매 경로의 문제\",\"path\":\"주변의 추천\",\"information\":\"자신의 티 취향 알아보기\"}","2021-11-30 19:04:58","2021-11-30 19:06:00",1203,1
502,"{\"level\":\"보통\",\"resource\":\"효능\",\"problem\":\"가격적인 메리트 부족\",\"path\":\"건강에 대한 관심\",\"information\":\"다양한 티에 대한 정보\"}","2021-11-30 19:06:20","2021-11-30 19:06:50",1205,1
503,"{\"level\":\"보통\",\"resource\":\"맛, 향\",\"problem\":\"구매 경로의 문제\",\"path\":\"건강에 대한 관심\",\"information\":\"티와 함께 즐기기 좋은 디저트\"}","2021-11-30 19:19:55","2021-11-30 19:20:51",1208,1
504,"{\"level\":\"초보\",\"resource\":\"맛, 향\",\"problem\":\"티 문화 자체에 대한 진입장벽\",\"path\":\"건강에 대한 관심\",\"information\":\"티와 함께 즐기기 좋은 디저트\"}","2021-11-30 19:24:45","2021-11-30 19:25:31",1211,1
505,"{\"level\":\"초보\",\"resource\":\"맛, 향\",\"problem\":\"커피 등 대체재에 비해 다양성 부족\",\"path\":\"건강에 대한 관심\",\"information\":\"자신의 티 취향 알아보기\"}","2021-11-30 19:33:35","2021-11-30 19:34:01",1212,1
506,"{\"level\":\"초보\",\"resource\":\"효능\",\"problem\":\"가격적인 메리트 부족\",\"path\":\"건강에 대한 관심\",\"information\":\"티를 맛있게 즐기는 방법\"}","2021-11-30 19:37:20","2021-11-30 19:37:56",1213,1
507,\N,"2021-11-30 19:48:23",\N,1218,1
508,"{\"level\":\"초보\",\"resource\":\"맛, 향\",\"problem\":\"가격적인 메리트 부족\",\"path\":\"건강에 대한 관심\",\"information\":\"티를 맛있게 즐기는 방법\"}","2021-11-30 19:50:51","2021-11-30 19:51:31",1220,1
509,"{\"level\":\"초보\",\"resource\":\"디자인\",\"problem\":\"티 문화 자체에 대한 진입장벽\",\"path\":\"건강에 대한 관심\",\"information\":\"티를 맛있게 즐기는 방법\"}","2021-11-30 19:53:46","2021-11-30 19:54:08",1221,1
510,"{\"level\":\"보통\",\"resource\":\"맛, 향\",\"problem\":\"가격적인 메리트 부족\",\"path\":\"건강에 대한 관심\",\"information\":\"자신의 티 취향 알아보기\"}","2021-11-30 20:02:22","2021-11-30 20:03:01",1225,1
511,"{\"level\":\"보통\",\"resource\":\"맛, 향\",\"problem\":\"커피 등 대체재에 비해 다양성 부족\",\"path\":\"주변의 추천\",\"information\":\"티를 맛있게 즐기는 방법\"}","2021-11-30 20:04:17","2021-11-30 20:04:31",1227,1
512,"{\"level\":\"보통\",\"resource\":\"맛, 향\",\"problem\":\"구매 경로의 문제\",\"path\":\"건강에 대한 관심\",\"information\":\"티를 맛있게 즐기는 방법\"}","2021-11-30 20:12:37","2021-11-30 20:12:50",1231,1
513,"{\"level\":\"보통\",\"resource\":\"맛, 향\",\"problem\":\"구매 경로의 문제\",\"path\":\"건강에 대한 관심\",\"information\":\"티를 맛있게 즐기는 방법\"}","2021-11-30 20:13:59","2021-11-30 20:14:07",1234,1
514,"{\"level\":\"보통\",\"resource\":\"맛, 향\",\"problem\":\"커피 등 대체재에 비해 다양성 부족\",\"path\":\"주변의 추천\",\"information\":\"다양한 티에 대한 정보\"}","2021-11-30 20:21:36","2021-11-30 20:22:24",1239,1
515,"{\"level\":\"초보\",\"resource\":\"맛, 향\",\"problem\":\"티 문화 자체에 대한 진입장벽\",\"path\":\"주변의 추천\",\"information\":\"자신의 티 취향 알아보기\"}","2021-11-30 20:26:57","2021-11-30 20:27:58",1243,1
516,"{\"level\":\"초보\",\"resource\":\"맛, 향\",\"problem\":\"기타: 기대와 맛이 다를까봐\",\"path\":\"미디어 (유튜브, SNS 등)\",\"information\":\"다양한 티에 대한 정보\"}","2021-11-30 20:30:40","2021-11-30 20:31:16",1245,1
517,"{\"level\":\"초보\",\"resource\":\"맛, 향\",\"problem\":\"가격적인 메리트 부족\",\"path\":\"오프라인 스토어\",\"information\":\"티를 맛있게 즐기는 방법\"}","2021-11-30 20:47:28","2021-11-30 20:48:07",1252,1
518,"{\"level\":\"초보\",\"resource\":\"맛, 향\",\"problem\":\"구매 경로의 문제\",\"path\":\"미디어 (유튜브, SNS 등)\",\"information\":\"티를 맛있게 즐기는 방법\"}","2021-11-30 20:52:05","2021-11-30 20:52:29",1253,1
519,"{\"level\":\"초보\",\"resource\":\"효능\",\"problem\":\"기타: 어려움 없음\",\"path\":\"건강에 대한 관심\",\"information\":\"티와 함께 즐기기 좋은 디저트\"}","2021-11-30 20:53:08","2021-11-30 20:53:54",1254,1
520,"{\"level\":\"초보\",\"resource\":\"맛, 향\",\"problem\":\"티 문화 자체에 대한 진입장벽\",\"path\":\"주변의 추천\",\"information\":\"자신의 티 취향 알아보기\"}","2021-11-30 20:54:27","2021-11-30 20:54:57",1255,1
521,"{\"level\":\"초보\",\"resource\":\"맛, 향\",\"problem\":\"티 문화 자체에 대한 진입장벽\",\"path\":\"주변의 추천\",\"information\":\"티를 맛있게 즐기는 방법\"}","2021-11-30 21:11:13","2021-11-30 21:11:44",1258,1
522,"{\"level\":\"초보\",\"resource\":\"효능\",\"problem\":\"커피 등 대체재에 비해 다양성 부족\",\"path\":\"커뮤니티(다음카페, 밴드 등)\",\"information\":\"티와 함께 즐기기 좋은 디저트\"}","2021-11-30 21:17:55","2021-11-30 21:18:07",1262,1
523,"{\"level\":[\"초\",\"보\"],\"resource\":\"맛, 향\",\"problem\":\"커피 등 대체재에 비해 다양성 부족\",\"path\":\"주변의 추천\",\"information\":\"다양한 티에 대한 정보\"}","2021-11-30 21:20:04","2021-11-30 21:20:31",1263,1
524,"{\"level\":\"초보\",\"resource\":\"맛, 향\",\"problem\":\"가격적인 메리트 부족\",\"path\":\"기타: 우연히 가게된 찻집\",\"information\":\"티와 함께 즐기기 좋은 디저트\"}","2021-11-30 21:20:31","2021-11-30 21:21:21",1264,1
525,"{\"level\":\"초보\",\"resource\":\"맛, 향\",\"problem\":\"티 문화 자체에 대한 진입장벽\",\"path\":-1,\"information\":-1}","2021-11-30 21:26:51","2021-11-30 21:27:09",1265,1
526,"{\"level\":\"보통\",\"resource\":\"맛, 향\",\"problem\":\"가격적인 메리트 부족\",\"path\":\"기타\",\"information\":\"자신의 티 취향 알아보기\"}","2021-11-30 21:35:41","2021-11-30 21:36:12",1266,1
527,\N,"2021-11-30 21:47:21",\N,1268,1
528,"{\"level\":\"보통\",\"resource\":\"효능\",\"problem\":\"티 문화 자체에 대한 진입장벽\",\"path\":\"주변의 추천\",\"information\":\"다양한 티에 대한 정보\"}","2021-11-30 21:55:57","2021-11-30 21:56:31",1269,1
529,"{\"level\":\"초보\",\"resource\":\"맛, 향\",\"problem\":\"구매 경로의 문제\",\"path\":\"건강에 대한 관심\",\"information\":\"다양한 티에 대한 정보\"}","2021-11-30 21:56:16","2021-11-30 21:56:40",1273,1
530,"{\"level\":\"초보\",\"resource\":\"맛, 향\",\"problem\":\"커피 등 대체재에 비해 다양성 부족\",\"path\":\"주변의 추천\",\"information\":\"자신의 티 취향 알아보기\"}","2021-11-30 21:56:59","2021-11-30 21:57:12",1275,1
531,"{\"level\":\"보통\",\"resource\":\"맛, 향\",\"problem\":\"가격적인 메리트 부족\",\"path\":\"건강에 대한 관심\",\"information\":\"자신의 티 취향 알아보기\"}","2021-11-30 21:58:25","2021-11-30 21:58:56",1277,1
532,"{\"level\":\"초보\",\"resource\":\"맛, 향\",\"problem\":\"가격적인 메리트 부족\",\"path\":\"건강에 대한 관심\",\"information\":\"자신의 티 취향 알아보기\"}","2021-11-30 21:59:14","2021-11-30 21:59:37",1282,1
533,"{\"level\":\"초보\",\"resource\":\"효능\",\"problem\":\"티 문화 자체에 대한 진입장벽\",\"path\":\"건강에 대한 관심\",\"information\":\"다양한 티에 대한 정보\"}","2021-11-30 22:00:27","2021-11-30 22:00:46",1284,1
534,"{\"level\":\"초보\",\"resource\":\"맛, 향\",\"problem\":\"구매 경로의 문제\",\"path\":\"주변의 추천\",\"information\":\"다양한 티에 대한 정보\"}","2021-11-30 22:00:59","2021-11-30 22:01:36",1287,1
535,"{\"level\":\"보통\",\"resource\":\"효능\",\"problem\":\"구매 경로의 문제\",\"path\":\"주변의 추천\",\"information\":\"다양한 티에 대한 정보\"}","2021-11-30 22:02:39","2021-11-30 22:03:00",1288,1
536,"{\"level\":\"전문가\",\"resource\":\"맛, 향\",\"problem\":\"구매 경로의 문제\",\"path\":\"기타: 어릴때부터 습관\",\"information\":\"다양한 티에 대한 정보\"}","2021-11-30 22:08:22","2021-11-30 22:08:56",1294,1
537,"{\"level\":\"초보\",\"resource\":\"맛, 향\",\"problem\":\"커피 등 대체재에 비해 다양성 부족\",\"path\":\"건강에 대한 관심\",\"information\":\"다양한 티에 대한 정보\"}","2021-11-30 22:08:36","2021-11-30 22:09:37",1292,1
538,"{\"level\":\"초보\",\"resource\":\"맛, 향\",\"problem\":\"가격적인 메리트 부족\",\"path\":\"건강에 대한 관심\",\"information\":\"티를 맛있게 즐기는 방법\"}","2021-11-30 22:10:36","2021-11-30 22:11:01",1299,1
539,"{\"level\":\"초보\",\"resource\":\"디자인\",\"problem\":\"구매 경로의 문제\",\"path\":\"건강에 대한 관심\",\"information\":\"티를 맛있게 즐기는 방법\"}","2021-11-30 22:19:16","2021-11-30 22:20:03",1307,1
540,"{\"level\":\"초보\",\"resource\":\"맛, 향\",\"problem\":\"티 문화 자체에 대한 진입장벽\",\"path\":\"커뮤니티(다음카페, 밴드 등)\",\"information\":\"티를 맛있게 즐기는 방법\"}","2021-11-30 22:24:15","2021-11-30 22:25:21",1308,1
541,"{\"level\":\"초보\",\"resource\":\"맛, 향\",\"problem\":\"커피 등 대체재에 비해 다양성 부족\",\"path\":\"커뮤니티(다음카페, 밴드 등)\",\"information\":\"자신의 티 취향 알아보기\"}","2021-11-30 22:29:17","2021-11-30 22:30:21",1312,1
542,"{\"level\":\"초보\",\"resource\":\"맛, 향\",\"problem\":\"티 문화 자체에 대한 진입장벽\",\"path\":\"오프라인 스토어\",\"information\":\"자신의 티 취향 알아보기\"}","2021-11-30 22:32:25","2021-11-30 22:32:55",1317,1
543,"{\"level\":\"초보\",\"resource\":\"맛, 향\",\"problem\":\"기타\",\"path\":\"건강에 대한 관심\",\"information\":\"티를 맛있게 즐기는 방법\"}","2021-11-30 22:39:00","2021-11-30 22:39:33",1318,1
544,"{\"level\":\"초보\",\"resource\":\"맛, 향\",\"problem\":\"커피 등 대체재에 비해 다양성 부족\",\"path\":\"건강에 대한 관심\",\"information\":\"자신의 티 취향 알아보기\"}","2021-11-30 23:29:34","2021-11-30 23:30:11",1324,1
545,"{\"level\":\"보통\",\"resource\":\"맛, 향\",\"problem\":\"기타\",\"path\":\"미디어 (유튜브, SNS 등)\",\"information\":\"다양한 티에 대한 정보\"}","2021-11-30 23:29:38","2021-11-30 23:30:08",1323,1
546,"{\"level\":\"보통\",\"resource\":\"맛, 향\",\"problem\":\"구매 경로의 문제\",\"path\":\"오프라인 스토어\",\"information\":\"다양한 티에 대한 정보\"}","2021-11-30 23:50:12","2021-11-30 23:50:45",1327,1
547,"{\"level\":\"초보\",\"resource\":\"맛, 향\",\"problem\":\"커피 등 대체재에 비해 다양성 부족\",\"path\":\"커뮤니티(다음카페, 밴드 등)\",\"information\":\"자신의 티 취향 알아보기\"}","2021-11-30 23:56:44","2021-11-30 23:57:23",1328,1
548,"{\"level\":\"초보\",\"resource\":\"맛, 향\",\"problem\":\"티 문화 자체에 대한 진입장벽\",\"path\":\"건강에 대한 관심\",\"information\":\"티를 맛있게 즐기는 방법\"}","2021-11-30 23:57:02","2021-11-30 23:57:32",1329,1
549,"{\"level\":\"초보\",\"resource\":-1,\"problem\":-1,\"path\":-1,\"information\":-1}","2021-12-01 00:09:58","2021-12-01 00:10:02",1329,1
550,"{\"level\":\"초보\",\"resource\":\"맛, 향\",\"problem\":\"가격적인 메리트 부족\",\"path\":\"건강에 대한 관심\",\"information\":\"티를 맛있게 즐기는 방법\"}","2021-12-01 00:14:46","2021-12-01 00:15:10",1335,1
551,"{\"level\":\"초보\",\"resource\":\"맛, 향\",\"problem\":\"구매 경로의 문제\",\"path\":\"기타\",\"information\":\"자신의 티 취향 알아보기\"}","2021-12-01 00:16:35","2021-12-01 00:17:10",1336,1
552,"{\"level\":\"보통\",\"resource\":\"효능\",\"problem\":\"가격적인 메리트 부족\",\"path\":\"건강에 대한 관심\",\"information\":\"자신의 티 취향 알아보기\"}","2021-12-01 00:22:44","2021-12-01 00:23:25",1340,1
553,"{\"level\":\"초보\",\"resource\":\"맛, 향\",\"problem\":\"티 문화 자체에 대한 진입장벽\",\"path\":\"주변의 추천\",\"information\":\"자신의 티 취향 알아보기\"}","2021-12-01 00:25:13","2021-12-01 00:25:27",1341,1
554,"{\"level\":\"보통\",\"resource\":\"효능\",\"problem\":\"커피 등 대체재에 비해 다양성 부족\",\"path\":\"건강에 대한 관심\",\"information\":\"다양한 티에 대한 정보\"}","2021-12-01 00:30:15","2021-12-01 00:31:25",1345,1
555,"{\"level\":\"보통\",\"resource\":\"효능\",\"problem\":\"커피 등 대체재에 비해 다양성 부족\",\"path\":\"커뮤니티(다음카페, 밴드 등)\",\"information\":\"다양한 티에 대한 정보\"}","2021-12-01 00:41:54","2021-12-01 00:42:27",1353,1
556,"{\"level\":\"초보\",\"resource\":\"효능\",\"problem\":\"티 문화 자체에 대한 진입장벽\",\"path\":\"미디어 (유튜브, SNS 등)\",\"information\":\"다양한 티에 대한 정보\"}","2021-12-01 00:52:00","2021-12-01 00:52:58",1354,1
557,"{\"level\":\"초보\",\"resource\":\"맛, 향\",\"problem\":\"커피 등 대체재에 비해 다양성 부족\",\"path\":\"기타\",\"information\":\"자신의 티 취향 알아보기\"}","2021-12-01 00:56:12","2021-12-01 00:57:12",1355,1
558,"{\"level\":\"초보\",\"resource\":\"효능\",\"problem\":\"커피 등 대체재에 비해 다양성 부족\",\"path\":\"건강에 대한 관심\",\"information\":\"티를 맛있게 즐기는 방법\"}","2021-12-01 00:57:36","2021-12-01 00:58:19",1356,1
559,"{\"level\":\"전문가\",\"resource\":\"효능\",\"problem\":\"커피 등 대체재에 비해 다양성 부족\",\"path\":\"오프라인 스토어\",\"information\":\"티와 함께 즐기기 좋은 디저트\"}","2021-12-01 01:02:05","2021-12-01 01:03:18",1358,1
560,"{\"level\":\"초보\",\"resource\":\"맛, 향\",\"problem\":\"커피 등 대체재에 비해 다양성 부족\",\"path\":\"미디어 (유튜브, SNS 등)\",\"information\":\"다양한 티에 대한 정보\"}","2021-12-01 01:11:39","2021-12-01 01:12:27",1360,1
561,"{\"level\":\"초보\",\"resource\":\"맛, 향\",\"problem\":\"구매 경로의 문제\",\"path\":\"주변의 추천\",\"information\":\"자신의 티 취향 알아보기\"}","2021-12-01 01:39:58","2021-12-01 01:40:19",1364,1
562,"{\"level\":\"초보\",\"resource\":\"효능\",\"problem\":\"가격적인 메리트 부족\",\"path\":\"건강에 대한 관심\",\"information\":\"다양한 티에 대한 정보\"}","2021-12-01 01:42:37","2021-12-01 01:43:04",1365,1
563,"{\"level\":[\"초\",\"보\"],\"resource\":\"맛, 향\",\"problem\":\"티 문화 자체에 대한 진입장벽\",\"path\":\"주변의 추천\",\"information\":\"티를 맛있게 즐기는 방법\"}","2021-12-01 02:05:48","2021-12-01 02:06:27",1369,1
564,"{\"level\":\"초보\",\"resource\":\"효능\",\"problem\":\"커피 등 대체재에 비해 다양성 부족\",\"path\":\"건강에 대한 관심\",\"information\":\"다양한 티에 대한 정보\"}","2021-12-01 02:08:38","2021-12-01 02:08:48",1370,1
565,"{\"level\":\"초보\",\"resource\":\"맛, 향\",\"problem\":\"커피 등 대체재에 비해 다양성 부족\",\"path\":\"건강에 대한 관심\",\"information\":\"다양한 티에 대한 정보\"}","2021-12-01 02:09:59","2021-12-01 02:10:32",1372,1
566,"{\"level\":\"초보\",\"resource\":\"맛, 향\",\"problem\":\"구매 경로의 문제\",\"path\":\"주변의 추천\",\"information\":\"다양한 티에 대한 정보\"}","2021-12-01 02:12:39","2021-12-01 02:13:16",1376,1
567,"{\"level\":\"보통\",\"resource\":\"맛, 향\",\"problem\":\"가격적인 메리트 부족\",\"path\":\"건강에 대한 관심\",\"information\":\"티를 맛있게 즐기는 방법\"}","2021-12-01 02:13:49","2021-12-01 02:14:13",1378,1
568,\N,"2021-12-01 02:27:23",\N,1381,1
569,"{\"level\":\"초보\",\"resource\":\"맛, 향\",\"problem\":\"티 문화 자체에 대한 진입장벽\",\"path\":\"주변의 추천\",\"information\":\"자신의 티 취향 알아보기\"}","2021-12-01 02:27:27","2021-12-01 02:27:46",1381,1
570,"{\"level\":\"초보\",\"resource\":\"맛, 향\",\"problem\":\"티 문화 자체에 대한 진입장벽\",\"path\":\"건강에 대한 관심\",\"information\":\"티를 맛있게 즐기는 방법\"}","2021-12-01 02:53:23","2021-12-01 02:53:52",1383,1
571,"{\"level\":\"보통\",\"resource\":\"맛, 향\",\"problem\":\"티 문화 자체에 대한 진입장벽\",\"path\":\"기타: 다과를 좋아함\",\"information\":\"티를 맛있게 즐기는 방법\"}","2021-12-01 03:04:15","2021-12-01 03:05:16",1386,1
572,"{\"level\":\"초보\",\"resource\":\"맛, 향\",\"problem\":\"커피 등 대체재에 비해 다양성 부족\",\"path\":\"오프라인 스토어\",\"information\":\"다양한 티에 대한 정보\"}","2021-12-01 04:15:05","2021-12-01 04:15:40",1397,1
573,"{\"level\":\"초보\",\"resource\":\"맛, 향\",\"problem\":\"티 문화 자체에 대한 진입장벽\",\"path\":\"오프라인 스토어\",\"information\":\"다양한 티에 대한 정보\"}","2021-12-01 04:18:12","2021-12-01 04:18:34",1398,1
574,"{\"level\":\"보통\",\"resource\":\"맛, 향\",\"problem\":\"가격적인 메리트 부족\",\"path\":\"건강에 대한 관심\",\"information\":\"자신의 티 취향 알아보기\"}","2021-12-01 07:19:59","2021-12-01 07:20:37",1403,1
575,"{\"level\":\"초보\",\"resource\":\"맛, 향\",\"problem\":\"커피 등 대체재에 비해 다양성 부족\",\"path\":\"오프라인 스토어\",\"information\":\"다양한 티에 대한 정보\"}","2021-12-01 07:43:11","2021-12-01 07:44:43",1406,1
576,"{\"level\":\"초보\",\"resource\":\"맛, 향\",\"problem\":\"커피 등 대체재에 비해 다양성 부족\",\"path\":\"미디어 (유튜브, SNS 등)\",\"information\":\"자신의 티 취향 알아보기\"}","2021-12-01 07:57:59","2021-12-01 07:58:27",1407,1
577,"{\"level\":\"초보\",\"resource\":\"효능\",\"problem\":\"구매 경로의 문제\",\"path\":\"오프라인 스토어\",\"information\":\"다양한 티에 대한 정보\"}","2021-12-01 08:12:14","2021-12-01 08:12:45",1410,1
578,"{\"level\":\"초보\",\"resource\":\"맛, 향\",\"problem\":\"커피 등 대체재에 비해 다양성 부족\",\"path\":\"기타: 어릴때부터 커피보단 차를 좋아해서 쉽게 접함\",\"information\":\"기타: 위에 이유 전부\"}","2021-12-01 08:12:58","2021-12-01 08:14:12",1412,1
579,"{\"level\":\"초보\",\"resource\":\"맛, 향\",\"problem\":\"티 문화 자체에 대한 진입장벽\",\"path\":\"주변의 추천\",\"information\":\"티를 맛있게 즐기는 방법\"}","2021-12-01 08:18:53","2021-12-01 08:19:07",1420,1
580,"{\"level\":\"보통\",\"resource\":[\"맛\",\",\",\" \",\"향\"],\"problem\":\"구매 경로의 문제\",\"path\":\"기타: 커피만 마시기 지겨워서\",\"information\":\"티와 함께 즐기기 좋은 디저트\"}","2021-12-01 08:19:30","2021-12-01 08:21:24",1421,1
581,"{\"level\":\"보통\",\"resource\":\"맛, 향\",\"problem\":\"구매 경로의 문제\",\"path\":\"오프라인 스토어\",\"information\":\"다양한 티에 대한 정보\"}","2021-12-01 08:21:04","2021-12-01 08:22:01",1425,1
582,"{\"level\":\"보통\",\"resource\":\"맛, 향\",\"problem\":\"구매 경로의 문제\",\"path\":\"오프라인 스토어\",\"information\":\"티를 맛있게 즐기는 방법\"}","2021-12-01 08:26:50","2021-12-01 08:27:32",1426,1
583,"{\"level\":\"초보\",\"resource\":\"맛, 향\",\"problem\":\"구매 경로의 문제\",\"path\":[\"미\",\"디\",\"어\",\" \",\"(\",\"유\",\"튜\",\"브\",\",\",\" \",\"S\",\"N\",\"S\",\" \",\"등\",\")\"],\"information\":\"티를 맛있게 즐기는 방법\"}","2021-12-01 08:41:47","2021-12-01 08:42:40",1431,1
584,"{\"level\":\"초보\",\"resource\":\"맛, 향\",\"problem\":\"커피 등 대체재에 비해 다양성 부족\",\"path\":\"오프라인 스토어\",\"information\":\"자신의 티 취향 알아보기\"}","2021-12-01 08:45:14","2021-12-01 08:45:46",1432,1
585,"{\"level\":\"보통\",\"resource\":\"효능\",\"problem\":\"구매 경로의 문제\",\"path\":\"건강에 대한 관심\",\"information\":\"자신의 티 취향 알아보기\"}","2021-12-01 08:52:16","2021-12-01 08:52:50",1433,1
586,"{\"level\":\"보통\",\"resource\":\"맛, 향\",\"problem\":\"구매 경로의 문제\",\"path\":\"건강에 대한 관심\",\"information\":\"자신의 티 취향 알아보기\"}","2021-12-01 09:17:39","2021-12-01 09:18:11",1435,1
587,"{\"level\":\"보통\",\"resource\":\"맛, 향\",\"problem\":\"커피 등 대체재에 비해 다양성 부족\",\"path\":\"건강에 대한 관심\",\"information\":\"다양한 티에 대한 정보\"}","2021-12-01 09:40:31","2021-12-01 09:41:34",1437,1
588,"{\"level\":\"초보\",\"resource\":\"맛, 향\",\"problem\":\"가격적인 메리트 부족\",\"path\":\"주변의 추천\",\"information\":\"티와 함께 즐기기 좋은 디저트\"}","2021-12-01 09:41:36","2021-12-01 09:42:14",1439,1
589,"{\"level\":\"초보\",\"resource\":\"맛, 향\",\"problem\":\"가격적인 메리트 부족\",\"path\":\"오프라인 스토어\",\"information\":\"자신의 티 취향 알아보기\"}","2021-12-01 10:26:42","2021-12-01 10:27:34",1446,1
590,"{\"level\":\"초보\",\"resource\":\"맛, 향\",\"problem\":\"커피 등 대체재에 비해 다양성 부족\",\"path\":\"주변의 추천\",\"information\":\"티를 맛있게 즐기는 방법\"}","2021-12-01 10:31:51","2021-12-01 10:32:17",1448,1
591,"{\"level\":\"보통\",\"resource\":\"효능\",\"problem\":-1,\"path\":-1,\"information\":-1}","2021-12-01 11:44:50","2021-12-01 11:44:58",1453,1
592,"{\"level\":\"보통\",\"resource\":\"맛, 향\",\"problem\":\"커피 등 대체재에 비해 다양성 부족\",\"path\":\"미디어 (유튜브, SNS 등)\",\"information\":\"티를 맛있게 즐기는 방법\"}","2021-12-01 11:45:17","2021-12-01 11:45:42",1454,1
593,\N,"2021-12-01 11:52:55",\N,1455,1
594,"{\"level\":\"초보\",\"resource\":\"맛, 향\",\"problem\":\"티 문화 자체에 대한 진입장벽\",\"path\":\"기타: 러시아 가서 티문화 접하고 뿅감\",\"information\":\"자신의 티 취향 알아보기\"}","2021-12-01 12:14:13","2021-12-01 12:14:54",1458,1
595,"{\"level\":\"초보\",\"resource\":\"효능\",\"problem\":\"티 문화 자체에 대한 진입장벽\",\"path\":\"건강에 대한 관심\",\"information\":\"기타: 건강 및 효능\"}","2021-12-01 12:14:35","2021-12-01 12:15:45",1457,1
596,"{\"level\":\"초보\",\"resource\":\"맛, 향\",\"problem\":\"구매 경로의 문제\",\"path\":\"주변의 추천\",\"information\":\"티를 맛있게 즐기는 방법\"}","2021-12-01 12:37:50","2021-12-01 12:39:41",1462,1
597,"{\"level\":\"초보\",\"resource\":\"맛, 향\",\"problem\":\"커피 등 대체재에 비해 다양성 부족\",\"path\":\"미디어 (유튜브, SNS 등)\",\"information\":\"티를 맛있게 즐기는 방법\"}","2021-12-01 12:42:10","2021-12-01 12:42:43",1464,1
598,\N,"2021-12-01 13:10:14",\N,1465,1
599,"{\"level\":\"초보\",\"resource\":\"맛, 향\",\"problem\":\"커피 등 대체재에 비해 다양성 부족\",\"path\":\"주변의 추천\",\"information\":\"다양한 티에 대한 정보\"}","2021-12-01 13:10:30","2021-12-01 13:11:08",1465,1
600,"{\"level\":\"초보\",\"resource\":\"맛, 향\",\"problem\":\"티 문화 자체에 대한 진입장벽\",\"path\":\"주변의 추천\",\"information\":\"다양한 티에 대한 정보\"}","2021-12-01 13:46:08","2021-12-01 13:47:07",1466,1
601,"{\"level\":\"초보\",\"resource\":\"맛, 향\",\"problem\":\"가격적인 메리트 부족\",\"path\":\"건강에 대한 관심\",\"information\":\"티와 함께 즐기기 좋은 디저트\"}","2021-12-01 16:05:50","2021-12-01 16:07:06",1471,1
602,"{\"level\":\"초보\",\"resource\":\"맛, 향\",\"problem\":\"가격적인 메리트 부족\",\"path\":\"건강에 대한 관심\",\"information\":\"티와 함께 즐기기 좋은 디저트\"}","2021-12-01 16:16:16","2021-12-01 16:16:52",1473,1
603,"{\"level\":\"초보\",\"resource\":\"맛, 향\",\"problem\":\"구매 경로의 문제\",\"path\":\"건강에 대한 관심\",\"information\":\"다양한 티에 대한 정보\"}","2021-12-01 16:26:27","2021-12-01 16:26:58",1474,1
604,"{\"level\":\"초보\",\"resource\":\"맛, 향\",\"problem\":\"가격적인 메리트 부족\",\"path\":\"기타\",\"information\":\"자신의 티 취향 알아보기\"}","2021-12-01 16:31:08","2021-12-01 16:31:30",1476,1
605,"{\"level\":\"초보\",\"resource\":\"맛, 향\",\"problem\":\"커피 등 대체재에 비해 다양성 부족\",\"path\":\"주변의 추천\",\"information\":\"자신의 티 취향 알아보기\"}","2021-12-01 16:37:40","2021-12-01 16:37:59",1475,1
606,"{\"level\":\"보통\",\"resource\":\"맛, 향\",\"problem\":\"가격적인 메리트 부족\",\"path\":\"건강에 대한 관심\",\"information\":\"다양한 티에 대한 정보\"}","2021-12-01 18:18:45","2021-12-01 18:19:12",1479,1
607,"{\"level\":\"초보\",\"resource\":\"맛, 향\",\"problem\":\"기타: 차의 퀄리티 비교가 어려움 \",\"path\":\"주변의 추천\",\"information\":\"티를 맛있게 즐기는 방법\"}","2021-12-01 18:30:32","2021-12-01 18:31:27",1480,1
608,"{\"level\":\"초보\",\"resource\":\"맛, 향\",\"problem\":\"커피 등 대체재에 비해 다양성 부족\",\"path\":\"미디어 (유튜브, SNS 등)\",\"information\":\"자신의 티 취향 알아보기\"}","2021-12-01 19:30:27","2021-12-01 19:30:53",1484,1
609,"{\"level\":\"보통\",\"resource\":\"맛, 향\",\"problem\":\"티 문화 자체에 대한 진입장벽\",\"path\":\"건강에 대한 관심\",\"information\":\"티와 함께 즐기기 좋은 디저트\"}","2021-12-01 19:44:19","2021-12-01 19:44:39",1485,1
610,"{\"level\":\"보통\",\"resource\":\"맛, 향\",\"problem\":\"구매 경로의 문제\",\"path\":\"주변의 추천\",\"information\":\"다양한 티에 대한 정보\"}","2021-12-01 20:26:10","2021-12-01 20:26:28",1486,1
611,"{\"level\":\"초보\",\"resource\":\"맛, 향\",\"problem\":\"커피 등 대체재에 비해 다양성 부족\",\"path\":\"미디어 (유튜브, SNS 등)\",\"information\":\"티를 맛있게 즐기는 방법\"}","2021-12-01 21:36:23","2021-12-01 21:36:38",1489,1
612,"{\"level\":\"초보\",\"resource\":\"디자인\",\"problem\":\"티 문화 자체에 대한 진입장벽\",\"path\":\"주변의 추천\",\"information\":\"티를 맛있게 즐기는 방법\"}","2021-12-09 14:59:38","2021-12-09 14:59:58",1630,1
613,"{\"level\":\"보통\",\"resource\":\"맛, 향\",\"problem\":\"구매 경로의 문제\",\"path\":\"주변의 추천\",\"information\":\"자신의 티 취향 알아보기\"}","2021-12-10 04:04:37","2021-12-10 04:04:54",1631,1
